code,name,variant,sex,age,2018,2019,2020,2021,2022,2023,2024,2025,2026,2027,2028,2029,2030,2031,2032,2033,2034,2035,2036,2037,2038,2039,2040,2041,2042,2043
E08000031,Wolverhampton,principal,males,all,130125,130814,131437,132018,132551,133045,133492,133913,134339,134752,135170,135582,135998,136414,136836,137268,137715,138168,138634,139109,139598,140090,140585,141080,141576,142072
E08000031,Wolverhampton,principal,males,0,1750,1649,1653,1640,1626,1617,1614,1612,1610,1613,1616,1617,1625,1636,1650,1666,1682,1699,1716,1734,1752,1768,1781,1792,1800,1805
E08000031,Wolverhampton,principal,males,1,1726,1764,1663,1667,1654,1640,1630,1627,1625,1624,1627,1630,1631,1639,1650,1663,1679,1696,1712,1729,1748,1765,1782,1795,1805,1813
E08000031,Wolverhampton,principal,males,2,1862,1757,1789,1689,1692,1679,1664,1654,1652,1650,1649,1651,1655,1656,1664,1674,1688,1704,1720,1736,1754,1772,1790,1807,1820,1830
E08000031,Wolverhampton,principal,males,3,1849,1878,1776,1804,1704,1707,1694,1679,1669,1667,1665,1665,1667,1670,1671,1679,1690,1703,1719,1735,1752,1769,1787,1805,1822,1835
E08000031,Wolverhampton,principal,males,4,1942,1863,1891,1791,1816,1716,1719,1706,1691,1682,1680,1678,1678,1680,1683,1685,1692,1703,1716,1732,1748,1764,1782,1800,1818,1834
E08000031,Wolverhampton,principal,males,5,1923,1945,1868,1894,1798,1820,1720,1723,1710,1696,1687,1684,1683,1683,1685,1688,1689,1697,1707,1721,1736,1752,1768,1786,1804,1822
E08000031,Wolverhampton,principal,males,6,1917,1922,1940,1865,1891,1797,1817,1718,1721,1708,1694,1685,1683,1682,1682,1684,1687,1688,1696,1706,1719,1735,1750,1766,1784,1802
E08000031,Wolverhampton,principal,males,7,1887,1921,1924,1940,1866,1892,1800,1818,1720,1723,1710,1696,1688,1686,1685,1684,1686,1689,1691,1698,1708,1721,1737,1752,1768,1786
E08000031,Wolverhampton,principal,males,8,1889,1893,1927,1930,1942,1871,1896,1806,1822,1725,1728,1715,1702,1693,1691,1690,1690,1692,1695,1696,1704,1714,1727,1742,1758,1774
E08000031,Wolverhampton,principal,males,9,1756,1883,1887,1922,1924,1934,1865,1890,1802,1816,1720,1723,1711,1697,1689,1687,1686,1686,1688,1691,1692,1700,1710,1723,1738,1753
E08000031,Wolverhampton,principal,males,10,1848,1764,1887,1891,1927,1928,1937,1868,1893,1807,1820,1725,1728,1716,1702,1694,1692,1691,1691,1693,1696,1698,1705,1715,1728,1743
E08000031,Wolverhampton,principal,males,11,1608,1847,1764,1885,1889,1926,1927,1933,1866,1891,1807,1818,1724,1727,1715,1701,1693,1692,1691,1691,1693,1695,1697,1704,1714,1727
E08000031,Wolverhampton,principal,males,12,1634,1615,1849,1767,1885,1889,1926,1926,1932,1866,1891,1808,1819,1725,1728,1716,1703,1695,1693,1692,1692,1695,1697,1699,1706,1716
E08000031,Wolverhampton,principal,males,13,1681,1637,1619,1847,1767,1882,1887,1924,1924,1928,1864,1888,1807,1817,1723,1727,1715,1702,1694,1693,1692,1692,1694,1696,1698,1705
E08000031,Wolverhampton,principal,males,14,1503,1688,1646,1628,1852,1773,1886,1891,1929,1928,1931,1868,1893,1813,1821,1728,1732,1720,1707,1700,1698,1697,1697,1699,1702,1704
E08000031,Wolverhampton,principal,males,15,1475,1515,1696,1656,1639,1858,1780,1891,1897,1935,1935,1936,1874,1898,1820,1827,1735,1739,1727,1714,1707,1705,1704,1705,1707,1709
E08000031,Wolverhampton,principal,males,16,1445,1488,1529,1706,1669,1652,1868,1791,1900,1906,1945,1944,1944,1884,1908,1831,1837,1745,1749,1737,1724,1717,1715,1715,1715,1717
E08000031,Wolverhampton,principal,males,17,1538,1456,1498,1539,1711,1677,1661,1872,1797,1903,1911,1951,1949,1948,1889,1913,1837,1842,1750,1754,1743,1730,1722,1721,1720,1720
E08000031,Wolverhampton,principal,males,18,1540,1536,1456,1496,1537,1702,1671,1657,1860,1787,1891,1899,1939,1937,1934,1877,1901,1828,1830,1740,1745,1733,1721,1713,1712,1711
E08000031,Wolverhampton,principal,males,19,1491,1447,1440,1370,1405,1444,1585,1564,1555,1732,1669,1759,1768,1807,1803,1797,1749,1770,1705,1704,1623,1627,1617,1606,1599,1598
E08000031,Wolverhampton,principal,males,20,1524,1539,1496,1484,1416,1450,1490,1619,1607,1602,1768,1710,1794,1806,1847,1840,1831,1786,1807,1745,1740,1660,1665,1654,1643,1637
E08000031,Wolverhampton,principal,males,21,1631,1590,1602,1558,1542,1476,1508,1548,1671,1665,1664,1822,1767,1848,1862,1904,1895,1883,1842,1862,1802,1793,1714,1719,1709,1698
E08000031,Wolverhampton,principal,males,22,1678,1711,1670,1678,1633,1612,1548,1578,1620,1736,1737,1740,1892,1840,1917,1934,1978,1966,1951,1912,1933,1874,1861,1782,1788,1778
E08000031,Wolverhampton,principal,males,23,1868,1725,1756,1712,1718,1672,1648,1584,1614,1658,1766,1773,1779,1924,1875,1948,1967,2011,1998,1981,1945,1964,1907,1891,1815,1820
E08000031,Wolverhampton,principal,males,24,1807,1886,1751,1780,1736,1739,1693,1666,1605,1634,1679,1782,1793,1801,1939,1893,1962,1982,2028,2013,1995,1961,1980,1925,1907,1831
E08000031,Wolverhampton,principal,males,25,1880,1827,1896,1768,1795,1750,1750,1704,1676,1618,1646,1692,1789,1805,1813,1946,1902,1969,1990,2036,2021,2001,1968,1987,1934,1914
E08000031,Wolverhampton,principal,males,26,2003,1892,1843,1903,1782,1808,1762,1760,1714,1685,1629,1657,1703,1796,1815,1825,1953,1911,1975,1997,2044,2027,2006,1975,1994,1942
E08000031,Wolverhampton,principal,males,27,1944,2010,1904,1859,1911,1797,1821,1774,1770,1726,1696,1642,1669,1716,1804,1826,1837,1961,1920,1982,2005,2052,2035,2012,1983,2002
E08000031,Wolverhampton,principal,males,28,1937,1950,2006,1905,1863,1908,1799,1822,1776,1771,1727,1697,1645,1671,1719,1803,1828,1840,1959,1920,1980,2003,2050,2033,2009,1981
E08000031,Wolverhampton,principal,males,29,1935,1956,1971,2018,1920,1882,1921,1817,1840,1794,1788,1744,1713,1663,1689,1737,1817,1845,1858,1973,1936,1993,2017,2065,2048,2022
E08000031,Wolverhampton,principal,males,30,2004,1919,1939,1956,1995,1902,1867,1900,1802,1825,1779,1773,1730,1698,1650,1675,1723,1800,1830,1843,1955,1919,1975,1998,2047,2029
E08000031,Wolverhampton,principal,males,31,1815,1985,1906,1925,1944,1976,1888,1856,1883,1792,1814,1769,1762,1720,1688,1641,1666,1714,1788,1819,1833,1941,1906,1960,1984,2032
E08000031,Wolverhampton,principal,males,32,1970,1808,1969,1896,1915,1935,1961,1876,1847,1871,1785,1806,1762,1754,1713,1681,1636,1660,1708,1778,1811,1826,1930,1897,1949,1973
E08000031,Wolverhampton,principal,males,33,1918,1955,1802,1955,1886,1905,1928,1947,1866,1841,1861,1779,1800,1756,1748,1707,1675,1631,1654,1703,1770,1805,1821,1922,1890,1940
E08000031,Wolverhampton,principal,males,34,1816,1901,1933,1789,1935,1871,1890,1913,1929,1851,1829,1845,1768,1789,1745,1737,1696,1664,1622,1644,1692,1757,1793,1809,1907,1877
E08000031,Wolverhampton,principal,males,35,1840,1817,1899,1929,1791,1932,1872,1891,1916,1928,1853,1833,1846,1773,1793,1749,1741,1701,1667,1626,1648,1697,1760,1798,1814,1911
E08000031,Wolverhampton,principal,males,36,1730,1838,1814,1895,1922,1791,1926,1869,1889,1916,1924,1852,1834,1844,1774,1794,1751,1742,1702,1668,1628,1650,1699,1760,1799,1816
E08000031,Wolverhampton,principal,males,37,1779,1731,1836,1812,1891,1916,1790,1920,1867,1887,1916,1921,1851,1834,1842,1776,1795,1752,1743,1703,1669,1630,1652,1701,1760,1800
E08000031,Wolverhampton,principal,males,38,1797,1772,1726,1827,1802,1880,1903,1782,1909,1859,1880,1909,1911,1843,1829,1834,1771,1790,1747,1738,1698,1664,1625,1647,1696,1754
E08000031,Wolverhampton,principal,males,39,1671,1794,1768,1723,1821,1797,1874,1895,1778,1902,1854,1876,1907,1906,1840,1827,1830,1770,1789,1745,1737,1697,1663,1624,1646,1695
E08000031,Wolverhampton,principal,males,40,1552,1673,1793,1767,1724,1820,1796,1871,1892,1779,1899,1854,1876,1907,1905,1841,1829,1830,1772,1791,1748,1739,1699,1665,1627,1649
E08000031,Wolverhampton,principal,males,41,1514,1545,1665,1783,1757,1715,1808,1784,1858,1878,1769,1886,1843,1866,1898,1893,1831,1820,1820,1765,1783,1740,1731,1692,1657,1620
E08000031,Wolverhampton,principal,males,42,1652,1516,1546,1666,1781,1755,1715,1805,1781,1854,1873,1768,1882,1841,1864,1897,1890,1830,1820,1819,1765,1783,1740,1731,1693,1658
E08000031,Wolverhampton,principal,males,43,1564,1647,1513,1542,1662,1775,1749,1710,1798,1775,1848,1865,1763,1875,1836,1859,1893,1884,1825,1817,1814,1762,1780,1737,1728,1690
E08000031,Wolverhampton,principal,males,44,1722,1564,1644,1512,1541,1660,1772,1745,1708,1794,1771,1843,1860,1761,1870,1833,1856,1890,1881,1823,1815,1811,1761,1778,1736,1727
E08000031,Wolverhampton,principal,males,45,1798,1714,1561,1638,1508,1536,1655,1765,1738,1702,1786,1763,1835,1851,1755,1862,1826,1850,1884,1873,1817,1810,1805,1757,1774,1732
E08000031,Wolverhampton,principal,males,46,1792,1781,1697,1548,1622,1495,1522,1641,1749,1723,1688,1770,1747,1818,1833,1740,1845,1811,1834,1869,1857,1802,1796,1790,1743,1760
E08000031,Wolverhampton,principal,males,47,1851,1784,1770,1687,1542,1614,1488,1515,1633,1740,1714,1680,1760,1738,1808,1823,1732,1835,1802,1826,1861,1848,1794,1789,1782,1737
E08000031,Wolverhampton,principal,males,48,1710,1840,1774,1758,1676,1535,1604,1480,1507,1624,1729,1704,1671,1750,1728,1797,1811,1722,1824,1792,1816,1851,1838,1784,1780,1772
E08000031,Wolverhampton,principal,males,49,1789,1706,1832,1767,1749,1667,1529,1596,1475,1501,1618,1721,1697,1664,1742,1720,1789,1802,1716,1816,1785,1810,1845,1831,1778,1774
E08000031,Wolverhampton,principal,males,50,1713,1782,1701,1823,1758,1739,1658,1523,1588,1469,1495,1611,1713,1688,1657,1733,1712,1780,1793,1708,1807,1777,1801,1837,1822,1771
E08000031,Wolverhampton,principal,males,51,1756,1706,1772,1693,1811,1748,1727,1647,1515,1578,1461,1487,1602,1703,1679,1648,1723,1702,1770,1782,1700,1796,1768,1792,1828,1812
E08000031,Wolverhampton,principal,males,52,1771,1750,1700,1765,1687,1803,1740,1718,1639,1510,1571,1456,1482,1596,1696,1672,1642,1716,1695,1762,1774,1693,1789,1761,1785,1821
E08000031,Wolverhampton,principal,males,53,1643,1764,1744,1695,1758,1681,1794,1732,1708,1630,1504,1564,1450,1476,1590,1688,1665,1636,1709,1688,1755,1766,1687,1781,1754,1779
E08000031,Wolverhampton,principal,males,54,1678,1638,1756,1736,1688,1750,1674,1784,1724,1699,1621,1498,1556,1444,1469,1583,1681,1657,1629,1701,1680,1747,1758,1680,1773,1747
E08000031,Wolverhampton,principal,males,55,1636,1665,1626,1741,1722,1674,1735,1661,1769,1709,1684,1607,1486,1543,1433,1458,1571,1667,1644,1616,1687,1667,1733,1743,1668,1759
E08000031,Wolverhampton,principal,males,56,1572,1626,1655,1616,1728,1711,1664,1722,1650,1755,1697,1671,1595,1477,1532,1424,1449,1561,1656,1633,1606,1676,1656,1722,1732,1657
E08000031,Wolverhampton,principal,males,57,1562,1564,1616,1645,1608,1717,1700,1654,1711,1640,1743,1686,1660,1584,1469,1523,1416,1441,1552,1647,1624,1598,1667,1647,1712,1722
E08000031,Wolverhampton,principal,males,58,1447,1552,1555,1606,1635,1598,1705,1689,1643,1700,1630,1731,1675,1648,1573,1460,1513,1408,1432,1543,1636,1614,1589,1657,1637,1702
E08000031,Wolverhampton,principal,males,59,1442,1433,1537,1541,1590,1619,1583,1688,1673,1628,1683,1615,1714,1659,1631,1558,1447,1499,1396,1420,1530,1622,1601,1575,1642,1623
E08000031,Wolverhampton,principal,males,60,1392,1424,1415,1518,1523,1570,1600,1565,1667,1652,1608,1663,1596,1693,1639,1611,1538,1430,1481,1380,1404,1512,1603,1582,1558,1624
E08000031,Wolverhampton,principal,males,61,1298,1371,1401,1394,1495,1500,1546,1576,1543,1642,1628,1585,1638,1573,1668,1615,1587,1516,1411,1460,1361,1385,1492,1582,1561,1537
E08000031,Wolverhampton,principal,males,62,1274,1285,1355,1386,1379,1479,1485,1529,1559,1526,1623,1610,1568,1621,1557,1650,1598,1570,1500,1397,1445,1348,1371,1478,1566,1546
E08000031,Wolverhampton,principal,males,63,1217,1257,1268,1337,1367,1361,1459,1466,1509,1539,1508,1602,1590,1549,1601,1539,1629,1579,1551,1482,1381,1428,1333,1356,1462,1549
E08000031,Wolverhampton,principal,males,64,1238,1203,1242,1254,1321,1351,1345,1442,1450,1493,1523,1492,1585,1573,1533,1584,1523,1612,1562,1534,1466,1367,1414,1320,1343,1447
E08000031,Wolverhampton,principal,males,65,1170,1218,1184,1222,1234,1300,1329,1324,1420,1429,1470,1500,1470,1561,1550,1511,1561,1501,1588,1540,1512,1445,1348,1394,1302,1325
E08000031,Wolverhampton,principal,males,66,1193,1149,1196,1163,1200,1211,1276,1305,1300,1394,1405,1444,1474,1446,1534,1524,1485,1535,1477,1562,1515,1487,1421,1327,1372,1282
E08000031,Wolverhampton,principal,males,67,1171,1167,1125,1170,1138,1174,1186,1248,1277,1272,1364,1376,1415,1444,1417,1503,1493,1456,1504,1448,1531,1486,1458,1394,1303,1347
E08000031,Wolverhampton,principal,males,68,1080,1144,1140,1099,1143,1112,1148,1160,1220,1249,1244,1335,1348,1385,1414,1388,1472,1463,1427,1474,1420,1501,1457,1430,1367,1278
E08000031,Wolverhampton,principal,males,69,1089,1061,1123,1119,1080,1123,1093,1127,1140,1199,1228,1224,1313,1326,1362,1391,1366,1448,1440,1405,1451,1398,1478,1435,1408,1347
E08000031,Wolverhampton,principal,males,70,1143,1062,1035,1095,1091,1053,1095,1067,1101,1113,1171,1199,1196,1284,1297,1332,1361,1337,1417,1410,1376,1422,1370,1448,1406,1380
E08000031,Wolverhampton,principal,males,71,1151,1118,1039,1012,1070,1066,1031,1072,1045,1079,1091,1147,1175,1172,1258,1272,1307,1335,1312,1391,1384,1351,1396,1346,1422,1381
E08000031,Wolverhampton,principal,males,72,937,1119,1086,1010,984,1040,1036,1003,1042,1016,1049,1062,1117,1144,1142,1226,1240,1274,1303,1281,1357,1351,1320,1363,1315,1390
E08000031,Wolverhampton,principal,males,73,855,905,1081,1049,976,952,1006,1002,969,1007,983,1016,1029,1082,1109,1107,1189,1203,1236,1265,1244,1318,1313,1283,1326,1279
E08000031,Wolverhampton,principal,males,74,909,833,881,1052,1021,951,927,979,975,944,980,958,990,1004,1056,1082,1080,1161,1175,1207,1235,1216,1288,1284,1254,1296
E08000031,Wolverhampton,principal,males,75,878,880,806,852,1019,989,921,899,949,945,916,951,930,961,975,1025,1051,1050,1129,1143,1175,1203,1184,1254,1251,1223
E08000031,Wolverhampton,principal,males,76,798,847,848,778,822,984,955,890,869,918,913,886,920,900,931,945,994,1019,1019,1096,1110,1141,1169,1151,1219,1216
E08000031,Wolverhampton,principal,males,77,731,770,817,819,752,794,952,923,861,841,888,884,859,892,873,903,917,964,989,990,1065,1080,1109,1137,1120,1187
E08000031,Wolverhampton,principal,males,78,737,703,740,786,789,725,765,919,891,832,813,858,853,831,863,845,874,889,934,959,960,1033,1048,1077,1105,1089
E08000031,Wolverhampton,principal,males,79,676,703,670,707,750,754,694,732,879,852,797,779,822,818,797,828,811,840,854,898,922,924,995,1010,1038,1065
E08000031,Wolverhampton,principal,males,80,690,642,667,636,671,713,717,660,697,839,813,760,744,785,781,762,792,776,804,818,861,884,886,955,970,997
E08000031,Wolverhampton,principal,males,81,609,646,601,624,595,630,669,673,620,654,790,766,717,702,740,737,720,749,734,761,775,816,839,841,907,923
E08000031,Wolverhampton,principal,males,82,561,570,604,562,585,558,591,627,632,584,615,744,722,676,663,699,696,681,708,695,720,735,773,795,799,862
E08000031,Wolverhampton,principal,males,83,490,522,530,562,524,545,521,552,587,592,547,577,699,678,636,624,657,655,641,667,656,680,695,731,753,757
E08000031,Wolverhampton,principal,males,84,479,451,480,488,518,484,504,481,512,544,549,508,536,651,632,593,582,613,611,600,624,614,637,651,686,706
E08000031,Wolverhampton,principal,males,85,411,428,404,429,438,465,435,454,433,462,491,497,461,486,591,574,540,530,558,557,548,571,562,583,598,630
E08000031,Wolverhampton,principal,males,86,387,369,384,363,386,395,419,394,413,394,420,446,452,420,443,541,525,494,486,511,510,503,524,517,537,551
E08000031,Wolverhampton,principal,males,87,316,342,325,339,322,342,350,372,351,367,350,375,399,406,377,398,486,472,446,438,461,461,455,475,469,487
E08000031,Wolverhampton,principal,males,88,297,280,301,288,300,286,304,311,329,312,327,312,336,357,364,339,358,438,425,402,396,417,416,412,430,425
E08000031,Wolverhampton,principal,males,89,228,250,235,254,243,254,243,258,263,280,267,280,267,288,307,314,293,309,379,369,349,344,362,362,360,376
E08000032,Wolverhampton,principal,males,90,185.060,189.675,201.498,205.682,209.704,207.937,212.661,220.285,224.708,230.616,238.716,238.207,237.133,225.257,248.525,274.606,290.124,281.997,285.742,360.080,328.626,310.490,301.854,301.261,303.396,314.974
E08000032,Wolverhampton,principal,males,91,151.500,153.472,158.114,164.260,170.895,172.775,172.813,173.439,182.231,186.412,193.101,197.452,200.376,200.045,189.293,207.215,227.330,238.624,234.888,235.743,304.441,278.777,264.879,261.272,260.664,260.271
E08000033,Wolverhampton,principal,males,92,118.633,123.010,125.164,126.088,133.501,137.728,140.468,137.891,140.397,147.954,152.790,156.372,162.632,165.521,164.624,154.563,167.999,183.126,194.683,189.834,195.274,253.053,233.059,224.701,221.584,219.211
E08000034,Wolverhampton,principal,males,93,88.840,94.137,97.959,97.448,100.036,105.025,109.304,109.413,108.974,111.302,118.435,120.858,125.829,131.265,133.103,131.356,122.456,132.256,146.019,153.788,153.710,158.682,206.847,193.334,186.376,182.270
E08000035,Wolverhampton,principal,males,94,65.629,68.774,73.065,74.315,75.322,76.664,81.186,82.931,84.234,84.165,86.811,91.298,94.793,99.008,102.911,103.550,101.474,94.004,102.833,112.485,121.445,121.831,126.529,167.402,156.466,149.604
E08000036,Wolverhampton,principal,males,95,47.324,49.477,51.930,53.913,55.860,56.120,57.612,59.879,62.062,63.244,63.820,65.070,69.638,72.546,75.508,77.893,77.832,75.791,71.119,77.081,86.438,93.674,94.543,99.672,131.881,122.276
E08000037,Wolverhampton,principal,males,96,33.693,34.695,36.289,37.211,39.344,40.401,40.930,41.230,43.478,45.212,46.534,46.421,48.167,51.733,53.714,55.488,56.846,56.449,55.681,51.766,57.519,64.748,70.602,72.336,76.277,100.122
E08000038,Wolverhampton,principal,males,97,23.565,23.949,24.644,25.181,26.286,27.541,28.512,28.337,28.957,30.632,32.175,32.737,33.237,34.615,37.056,38.194,39.192,39.900,40.136,39.227,37.386,41.701,47.234,52.289,53.590,56.066
E08000039,Wolverhampton,principal,males,98,15.468,16.177,16.404,16.490,17.152,17.735,18.727,19.019,19.172,19.650,20.991,21.796,22.572,23.004,23.884,25.383,25.987,26.507,27.335,27.246,27.301,26.120,29.315,33.711,37.332,37.965
E08000040,Wolverhampton,principal,males,99,6.190,10.220,10.650,10.550,10.794,11.117,11.581,11.993,12.351,12.485,12.923,13.647,14.423,14.989,15.229,15.699,16.576,16.870,17.431,17.812,18.202,18.310,17.627,20.087,23.108,25.391
E08000041,Wolverhampton,principal,males,100,9.098,9.101,11.603,13.092,14.128,14.699,15.306,15.625,16.268,16.890,17.479,17.868,18.864,19.998,20.950,21.484,21.925,22.588,23.463,24.087,25.297,26.344,27.177,27.608,29.449,32.290
E08000031,Wolverhampton,principal,females,all,131883,132846,133716,134542,135322,136052,136750,137398,138018,138634,139272,139895,140486,141076,141676,142273,142865,143452,144036,144632,145249,145865,146477,147087,147699,148310
E08000031,Wolverhampton,principal,females,0,1731,1585,1593,1584,1578,1574,1568,1568,1569,1570,1572,1576,1584,1595,1608,1624,1639,1655,1672,1689,1707,1724,1737,1748,1757,1764
E08000031,Wolverhampton,principal,females,1,1788,1752,1610,1616,1608,1601,1596,1590,1590,1591,1593,1595,1599,1607,1618,1631,1646,1662,1678,1695,1712,1730,1747,1760,1771,1780
E08000031,Wolverhampton,principal,females,2,1752,1810,1773,1633,1639,1631,1623,1618,1612,1613,1613,1615,1617,1621,1629,1640,1653,1668,1684,1700,1717,1735,1752,1769,1783,1794
E08000031,Wolverhampton,principal,females,3,1804,1784,1837,1798,1661,1667,1657,1649,1644,1639,1639,1640,1642,1644,1648,1656,1667,1680,1695,1711,1727,1744,1762,1780,1797,1811
E08000031,Wolverhampton,principal,females,4,1822,1839,1820,1869,1830,1693,1699,1689,1681,1676,1671,1671,1672,1674,1676,1681,1689,1699,1713,1728,1744,1760,1777,1796,1814,1831
E08000031,Wolverhampton,principal,females,5,1790,1839,1854,1836,1882,1842,1707,1713,1703,1695,1690,1685,1685,1686,1688,1690,1694,1703,1713,1726,1742,1757,1774,1791,1809,1827
E08000031,Wolverhampton,principal,females,6,1870,1799,1845,1858,1841,1884,1843,1711,1716,1707,1699,1694,1689,1689,1690,1692,1694,1699,1707,1717,1730,1745,1761,1777,1794,1813
E08000031,Wolverhampton,principal,females,7,1912,1897,1826,1868,1880,1864,1905,1864,1732,1738,1729,1720,1715,1710,1711,1712,1713,1716,1720,1728,1739,1752,1767,1783,1799,1816
E08000031,Wolverhampton,principal,females,8,1705,1910,1897,1827,1867,1878,1863,1901,1859,1730,1736,1727,1719,1714,1709,1710,1711,1712,1714,1719,1727,1737,1750,1765,1781,1797
E08000031,Wolverhampton,principal,females,9,1610,1712,1911,1900,1831,1868,1878,1864,1900,1859,1732,1738,1729,1721,1715,1711,1711,1712,1714,1716,1721,1729,1739,1752,1767,1782
E08000031,Wolverhampton,principal,females,10,1719,1621,1719,1912,1904,1836,1871,1880,1867,1901,1859,1734,1740,1731,1723,1718,1714,1714,1715,1717,1719,1724,1732,1742,1755,1770
E08000031,Wolverhampton,principal,females,11,1713,1732,1637,1732,1920,1914,1846,1879,1887,1876,1908,1866,1743,1749,1740,1732,1727,1722,1723,1724,1726,1728,1733,1741,1751,1764
E08000031,Wolverhampton,principal,females,12,1593,1718,1739,1646,1737,1921,1917,1850,1881,1888,1878,1909,1867,1745,1751,1742,1734,1729,1725,1726,1727,1728,1731,1735,1743,1753
E08000031,Wolverhampton,principal,females,13,1502,1613,1736,1757,1666,1755,1935,1933,1867,1896,1903,1893,1923,1881,1760,1766,1757,1749,1744,1740,1741,1742,1743,1746,1750,1758
E08000031,Wolverhampton,principal,females,14,1512,1524,1635,1755,1777,1688,1774,1952,1951,1885,1914,1920,1911,1940,1897,1777,1783,1774,1766,1761,1757,1758,1759,1761,1763,1767
E08000031,Wolverhampton,principal,females,15,1398,1514,1528,1636,1753,1776,1689,1773,1946,1947,1882,1910,1915,1907,1934,1892,1773,1779,1771,1763,1758,1754,1755,1756,1758,1760
E08000031,Wolverhampton,principal,females,16,1386,1419,1533,1548,1656,1770,1794,1709,1791,1962,1964,1900,1926,1931,1924,1950,1907,1789,1796,1787,1779,1774,1770,1771,1773,1774
E08000031,Wolverhampton,principal,females,17,1404,1403,1437,1548,1564,1670,1781,1806,1725,1804,1970,1975,1911,1936,1940,1934,1959,1916,1799,1806,1798,1790,1785,1781,1782,1783
E08000031,Wolverhampton,principal,females,18,1417,1372,1369,1401,1504,1521,1621,1724,1749,1675,1748,1903,1910,1850,1872,1875,1870,1892,1851,1740,1747,1739,1732,1727,1724,1725
E08000031,Wolverhampton,principal,females,19,1311,1226,1191,1185,1211,1293,1311,1391,1471,1496,1441,1497,1616,1627,1577,1591,1592,1591,1603,1568,1480,1486,1479,1473,1469,1467
E08000031,Wolverhampton,principal,females,20,1411,1397,1318,1284,1273,1299,1375,1396,1476,1548,1579,1532,1582,1690,1707,1658,1665,1664,1666,1671,1634,1550,1557,1550,1543,1539
E08000031,Wolverhampton,principal,females,21,1558,1465,1452,1381,1347,1331,1357,1427,1451,1530,1596,1631,1591,1636,1734,1756,1708,1710,1708,1712,1712,1674,1594,1600,1593,1586
E08000031,Wolverhampton,principal,females,22,1589,1661,1574,1564,1499,1465,1443,1469,1538,1565,1645,1706,1748,1714,1755,1847,1874,1825,1822,1819,1825,1820,1779,1700,1707,1700
E08000031,Wolverhampton,principal,females,23,1598,1650,1713,1633,1622,1560,1526,1500,1526,1591,1621,1699,1756,1801,1771,1809,1894,1923,1875,1869,1864,1873,1863,1822,1747,1754
E08000031,Wolverhampton,principal,females,24,1767,1621,1663,1717,1642,1631,1569,1536,1509,1535,1597,1627,1703,1755,1801,1774,1810,1888,1919,1872,1865,1859,1869,1857,1816,1745
E08000031,Wolverhampton,principal,females,25,1824,1796,1659,1696,1743,1671,1659,1597,1565,1537,1564,1624,1654,1730,1779,1826,1802,1835,1910,1942,1896,1887,1881,1891,1878,1837
E08000031,Wolverhampton,principal,females,26,1823,1827,1801,1674,1705,1747,1678,1665,1605,1575,1546,1572,1630,1661,1735,1782,1830,1808,1839,1911,1944,1899,1888,1882,1892,1877
E08000031,Wolverhampton,principal,females,27,1955,1809,1805,1782,1663,1690,1727,1661,1650,1592,1563,1534,1560,1615,1646,1719,1763,1810,1791,1820,1888,1921,1877,1866,1859,1870
E08000031,Wolverhampton,principal,females,28,1896,1975,1840,1828,1806,1694,1717,1749,1687,1675,1618,1590,1560,1586,1641,1673,1744,1787,1836,1817,1846,1911,1946,1902,1889,1883
E08000031,Wolverhampton,principal,females,29,1955,1882,1956,1832,1815,1795,1689,1708,1738,1679,1668,1613,1585,1555,1581,1634,1666,1736,1777,1826,1809,1836,1899,1933,1891,1877
E08000031,Wolverhampton,principal,females,30,1927,1963,1896,1966,1851,1829,1810,1708,1726,1754,1697,1686,1631,1604,1573,1599,1652,1684,1754,1794,1844,1828,1855,1916,1951,1909
E08000031,Wolverhampton,principal,females,31,1838,1940,1972,1910,1978,1871,1844,1825,1728,1745,1771,1715,1705,1650,1624,1592,1618,1670,1703,1773,1812,1863,1848,1875,1934,1970
E08000031,Wolverhampton,principal,females,32,1956,1881,1975,2005,1947,2012,1910,1880,1862,1768,1784,1808,1753,1743,1688,1662,1629,1656,1708,1741,1813,1851,1903,1889,1915,1974
E08000031,Wolverhampton,principal,females,33,1855,1964,1896,1983,2010,1955,2019,1922,1889,1873,1782,1796,1819,1766,1756,1701,1675,1642,1669,1721,1754,1825,1864,1916,1903,1929
E08000031,Wolverhampton,principal,females,34,1850,1871,1974,1912,1992,2018,1966,2028,1936,1901,1885,1797,1811,1832,1780,1770,1716,1690,1656,1684,1735,1769,1840,1878,1931,1918
E08000031,Wolverhampton,principal,females,35,1782,1843,1865,1961,1905,1979,2002,1954,2015,1928,1891,1876,1791,1804,1824,1774,1764,1711,1685,1651,1678,1729,1763,1834,1871,1924
E08000031,Wolverhampton,principal,females,36,1730,1783,1838,1859,1949,1898,1966,1988,1943,2002,1920,1881,1868,1786,1799,1817,1768,1758,1706,1681,1647,1674,1724,1758,1828,1864
E08000031,Wolverhampton,principal,females,37,1690,1734,1785,1835,1856,1941,1894,1958,1978,1936,1994,1916,1876,1863,1783,1796,1813,1765,1756,1704,1679,1645,1672,1722,1755,1825
E08000031,Wolverhampton,principal,females,38,1730,1698,1740,1789,1834,1855,1936,1894,1954,1973,1934,1991,1915,1875,1862,1785,1797,1813,1766,1757,1705,1681,1646,1673,1723,1756
E08000031,Wolverhampton,principal,females,39,1702,1745,1713,1754,1801,1843,1864,1941,1902,1959,1977,1940,1996,1924,1882,1870,1794,1806,1822,1775,1766,1714,1690,1655,1683,1732
E08000031,Wolverhampton,principal,females,40,1531,1703,1748,1717,1756,1802,1840,1861,1936,1900,1954,1972,1936,1992,1922,1879,1868,1793,1804,1820,1773,1764,1713,1689,1655,1682
E08000031,Wolverhampton,principal,females,41,1455,1527,1697,1743,1714,1751,1795,1830,1852,1924,1890,1942,1959,1925,1980,1913,1870,1859,1786,1797,1811,1766,1757,1706,1683,1648
E08000031,Wolverhampton,principal,females,42,1512,1465,1535,1703,1751,1722,1758,1801,1834,1856,1926,1895,1945,1961,1929,1983,1918,1874,1863,1791,1802,1816,1771,1762,1712,1688
E08000031,Wolverhampton,principal,females,43,1528,1512,1466,1534,1699,1749,1721,1755,1797,1829,1851,1919,1890,1938,1953,1922,1976,1912,1868,1858,1787,1798,1811,1767,1758,1708
E08000031,Wolverhampton,principal,females,44,1544,1539,1522,1476,1542,1707,1758,1730,1764,1806,1836,1858,1925,1897,1944,1959,1929,1983,1920,1875,1865,1796,1806,1819,1775,1766
E08000031,Wolverhampton,principal,females,45,1701,1542,1537,1519,1474,1538,1701,1753,1726,1758,1799,1827,1850,1915,1889,1934,1948,1919,1973,1912,1867,1857,1789,1799,1812,1768
E08000031,Wolverhampton,principal,females,46,1732,1704,1548,1542,1523,1479,1542,1703,1756,1729,1761,1802,1829,1851,1915,1890,1934,1948,1920,1973,1914,1868,1859,1791,1801,1813
E08000031,Wolverhampton,principal,females,47,1946,1734,1703,1550,1543,1523,1480,1541,1700,1755,1729,1760,1800,1825,1848,1910,1887,1930,1943,1916,1969,1911,1865,1856,1789,1799
E08000031,Wolverhampton,principal,females,48,1900,1940,1732,1699,1550,1541,1521,1478,1538,1696,1751,1726,1756,1796,1820,1843,1903,1882,1923,1936,1909,1962,1905,1859,1851,1785
E08000031,Wolverhampton,principal,females,49,1737,1895,1934,1730,1696,1550,1540,1520,1478,1536,1693,1749,1724,1754,1793,1815,1838,1897,1877,1917,1929,1904,1956,1901,1855,1847
E08000031,Wolverhampton,principal,females,50,1723,1731,1883,1922,1722,1687,1543,1533,1513,1472,1529,1683,1740,1716,1745,1783,1805,1828,1885,1867,1906,1917,1893,1945,1891,1845
E08000031,Wolverhampton,principal,females,51,1751,1735,1743,1892,1931,1733,1695,1554,1543,1522,1481,1537,1692,1750,1726,1755,1793,1813,1837,1893,1876,1914,1926,1902,1954,1901
E08000031,Wolverhampton,principal,females,52,1773,1749,1733,1740,1885,1923,1730,1690,1551,1540,1519,1479,1534,1688,1746,1723,1751,1788,1808,1831,1887,1871,1908,1919,1896,1948
E08000031,Wolverhampton,principal,females,53,1801,1766,1741,1725,1732,1872,1910,1721,1680,1544,1533,1511,1472,1526,1678,1737,1714,1741,1778,1797,1821,1875,1860,1896,1907,1885
E08000031,Wolverhampton,principal,females,54,1731,1798,1763,1738,1722,1729,1865,1903,1717,1675,1542,1530,1508,1470,1523,1674,1734,1711,1738,1775,1792,1816,1869,1855,1891,1901
E08000031,Wolverhampton,principal,females,55,1704,1724,1788,1755,1731,1715,1721,1853,1891,1709,1666,1535,1524,1501,1464,1516,1666,1726,1703,1730,1766,1783,1807,1859,1846,1880
E08000031,Wolverhampton,principal,females,56,1710,1694,1714,1778,1745,1721,1706,1711,1840,1877,1698,1656,1527,1515,1493,1457,1507,1656,1716,1694,1720,1756,1771,1795,1846,1834
E08000031,Wolverhampton,principal,females,57,1600,1705,1690,1710,1773,1740,1717,1701,1707,1832,1869,1693,1650,1524,1512,1490,1454,1504,1651,1711,1689,1715,1750,1765,1789,1839
E08000031,Wolverhampton,principal,females,58,1508,1586,1689,1674,1695,1756,1724,1702,1686,1692,1813,1849,1678,1635,1511,1499,1477,1442,1491,1636,1696,1675,1701,1735,1749,1773
E08000031,Wolverhampton,principal,females,59,1446,1502,1580,1682,1669,1689,1749,1718,1696,1681,1686,1804,1840,1672,1628,1506,1494,1472,1438,1486,1630,1691,1670,1695,1729,1743
E08000031,Wolverhampton,principal,females,60,1411,1441,1497,1573,1675,1662,1682,1741,1712,1690,1675,1681,1795,1831,1666,1621,1502,1490,1467,1434,1481,1624,1685,1665,1689,1723
E08000031,Wolverhampton,principal,females,61,1388,1408,1438,1492,1568,1669,1656,1677,1735,1706,1685,1670,1676,1787,1824,1661,1616,1498,1486,1463,1430,1477,1619,1680,1661,1685
E08000031,Wolverhampton,principal,females,62,1325,1383,1402,1432,1486,1562,1661,1649,1670,1728,1699,1678,1664,1670,1779,1815,1655,1609,1493,1481,1459,1427,1473,1613,1675,1656
E08000031,Wolverhampton,principal,females,63,1235,1319,1375,1395,1425,1479,1553,1652,1640,1661,1718,1691,1670,1656,1662,1768,1804,1647,1601,1487,1475,1453,1421,1466,1606,1668
E08000031,Wolverhampton,principal,females,64,1301,1228,1310,1366,1386,1416,1469,1543,1640,1629,1651,1706,1680,1660,1646,1652,1756,1791,1637,1591,1479,1467,1444,1413,1458,1596
E08000031,Wolverhampton,principal,females,65,1212,1287,1216,1297,1353,1371,1400,1453,1526,1623,1612,1633,1688,1662,1643,1630,1635,1737,1772,1621,1575,1465,1452,1431,1400,1444
E08000031,Wolverhampton,principal,females,66,1234,1198,1270,1201,1281,1335,1353,1383,1434,1506,1602,1591,1613,1667,1642,1623,1610,1616,1715,1751,1602,1556,1448,1436,1415,1385
E08000031,Wolverhampton,principal,females,67,1203,1214,1180,1249,1181,1259,1313,1331,1359,1410,1481,1575,1565,1586,1639,1615,1597,1584,1590,1687,1722,1576,1531,1426,1414,1393
E08000031,Wolverhampton,principal,females,68,1211,1189,1200,1167,1236,1169,1245,1298,1316,1344,1394,1464,1557,1547,1569,1622,1598,1580,1568,1574,1668,1703,1560,1516,1412,1401
E08000031,Wolverhampton,principal,females,69,1187,1191,1169,1178,1146,1212,1149,1223,1275,1293,1321,1370,1438,1530,1521,1543,1594,1571,1554,1542,1548,1640,1675,1535,1491,1390
E08000031,Wolverhampton,principal,females,70,1181,1167,1171,1148,1157,1126,1191,1129,1201,1252,1270,1298,1346,1414,1504,1495,1517,1567,1545,1529,1517,1523,1613,1647,1511,1467
E08000031,Wolverhampton,principal,females,71,1189,1167,1151,1153,1131,1140,1111,1174,1113,1185,1235,1253,1280,1328,1395,1483,1475,1497,1547,1526,1510,1499,1505,1592,1626,1493
E08000031,Wolverhampton,principal,females,72,977,1172,1148,1132,1133,1111,1121,1093,1153,1094,1165,1214,1232,1259,1306,1372,1459,1452,1474,1523,1502,1487,1477,1483,1568,1602
E08000031,Wolverhampton,principal,females,73,1014,967,1157,1136,1119,1119,1097,1107,1081,1140,1082,1151,1200,1218,1245,1291,1356,1443,1436,1458,1506,1486,1472,1462,1468,1552
E08000031,Wolverhampton,principal,females,74,1120,994,945,1134,1112,1096,1095,1074,1084,1059,1116,1060,1128,1176,1194,1221,1266,1330,1415,1409,1431,1478,1459,1445,1436,1442
E08000031,Wolverhampton,principal,females,75,1022,1093,970,921,1105,1083,1068,1068,1047,1057,1033,1089,1034,1101,1148,1166,1192,1237,1300,1383,1377,1399,1445,1427,1414,1405
E08000031,Wolverhampton,principal,females,76,864,991,1058,939,891,1070,1049,1035,1034,1014,1024,1002,1056,1004,1068,1114,1131,1157,1201,1262,1343,1338,1359,1405,1388,1375
E08000031,Wolverhampton,principal,females,77,858,845,968,1034,918,872,1047,1027,1012,1012,993,1003,981,1034,983,1047,1092,1109,1135,1178,1238,1318,1313,1334,1379,1363
E08000031,Wolverhampton,principal,females,78,935,832,819,938,1003,891,847,1017,997,983,983,964,974,954,1005,956,1018,1062,1079,1104,1146,1205,1283,1279,1300,1343
E08000031,Wolverhampton,principal,females,79,853,894,795,783,896,958,853,811,974,955,942,942,924,934,916,964,918,978,1020,1037,1062,1102,1159,1235,1231,1252
E08000031,Wolverhampton,principal,females,80,798,819,855,762,751,860,919,820,780,937,919,906,907,890,899,883,929,885,943,984,1001,1025,1064,1120,1193,1190
E08000031,Wolverhampton,principal,females,81,792,769,787,821,733,723,829,886,791,753,906,888,875,876,860,868,854,898,856,913,953,969,993,1031,1086,1157
E08000031,Wolverhampton,principal,females,82,744,754,731,747,777,697,688,788,842,754,718,864,848,835,837,821,829,817,858,819,874,912,928,952,989,1041
E08000031,Wolverhampton,principal,females,83,676,705,713,692,707,736,661,654,749,800,718,684,824,808,796,798,783,791,781,820,783,836,872,888,911,947
E08000031,Wolverhampton,principal,females,84,612,634,658,667,648,662,689,620,614,704,753,677,645,779,764,752,754,740,747,739,775,742,792,827,843,865
E08000031,Wolverhampton,principal,females,85,596,579,601,623,632,614,629,654,590,586,671,718,647,617,746,731,719,722,709,715,710,743,712,761,794,810
E08000031,Wolverhampton,principal,females,86,595,553,536,554,577,587,571,584,607,550,548,627,671,607,579,702,688,676,679,667,673,669,700,671,718,750
E08000031,Wolverhampton,principal,females,87,508,537,496,481,501,522,531,517,530,550,500,499,572,612,556,531,645,631,620,623,612,618,617,645,619,663
E08000031,Wolverhampton,principal,females,88,457,451,478,439,427,446,465,474,462,474,492,448,449,515,551,502,480,584,572,562,565,555,560,561,586,564
E08000031,Wolverhampton,principal,females,89,373,402,394,418,383,375,392,409,418,409,419,434,397,400,458,490,448,429,523,513,504,507,499,504,506,528
E08000031,Wolverhampton,principal,females,90,305.351,316.976,329.772,329.966,329.337,321.362,321.636,333.218,340.782,348.379,354.224,356.611,355.550,336.484,362.331,398.405,422.743,414.731,414.499,514.751,469.672,443.560,436.024,427.963,428.359,440.242
E08000032,Wolverhampton,principal,females,91,260.961,263.863,272.534,280.954,284.355,280.109,273.732,274.764,286.555,293.508,297.977,305.014,310.285,307.052,286.730,312.562,345.382,360.728,351.315,348.764,443.664,409.506,389.257,383.188,377.216,376.369
E08000033,Wolverhampton,principal,females,92,220.468,221.359,222.390,227.546,237.226,236.933,233.724,229.074,231.490,241.829,246.024,251.495,260.162,262.703,256.531,242.525,265.694,289.001,299.666,289.918,294.847,379.470,352.571,335.651,331.438,325.278
E08000034,Wolverhampton,principal,females,93,180.936,183.280,182.576,181.659,187.916,193.283,193.290,191.219,188.678,191.007,198.218,203.080,209.826,215.485,214.731,212.302,201.724,217.552,234.944,242.024,239.896,246.854,319.837,297.656,284.277,279.892
E08000035,Wolverhampton,principal,females,94,146.349,147.184,147.695,145.673,146.492,149.463,153.889,154.306,153.673,151.895,152.769,159.675,165.378,169.656,171.966,173.515,172.428,161.292,172.712,185.315,195.595,196.183,203.251,263.802,246.323,234.595
E08000036,Wolverhampton,principal,females,95,115.766,116.314,115.700,114.930,114.541,113.570,115.956,119.681,120.783,120.486,118.314,119.856,126.660,130.269,131.919,135.410,137.337,134.363,124.798,132.776,145.980,155.921,157.471,163.446,212.861,198.227
E08000037,Wolverhampton,principal,females,96,89.591,89.711,88.995,87.623,87.933,86.383,85.682,87.668,91.047,92.020,91.184,90.185,92.376,96.950,98.445,100.963,104.186,104.039,101.071,93.276,101.690,113.150,121.697,123.142,128.265,166.613
E08000038,Wolverhampton,principal,females,97,69.015,67.469,66.572,65.366,65.011,64.294,63.166,62.764,64.595,67.167,67.417,67.283,67.281,68.444,70.926,72.951,75.222,76.436,75.797,73.164,69.195,76.346,85.545,92.191,93.623,97.277
E08000039,Wolverhampton,principal,females,98,51.054,50.321,48.365,47.228,46.843,45.908,45.394,44.662,44.624,45.964,47.454,47.960,48.385,48.052,48.267,50.668,52.405,53.214,53.700,52.915,52.342,50.101,55.672,62.508,67.614,68.499
E08000040,Wolverhampton,principal,females,99,23.047,35.929,34.723,33.027,32.576,31.838,31.191,30.883,30.539,30.531,31.210,32.432,33.132,33.190,32.545,33.119,34.961,35.613,35.917,36.017,36.373,36.416,35.105,39.087,44.050,47.541
E08000041,Wolverhampton,principal,females,100,41.462,40.774,47.839,51.107,52.507,52.191,51.430,50.542,50.029,49.491,48.766,49.069,50.592,51.605,51.570,51.769,52.527,53.364,53.947,54.160,55.710,57.545,59.074,59.202,62.095,67.104
E08000031,Wolverhampton,high migration,males,all,130125,131183,132188,133176,134149,135102,136030,136957,137889,138789,139697,140591,141481,142366,143248,144142,145046,145953,146868,147795,148736,149682,150627,151571,152517,153464
E08000031,Wolverhampton,high migration,males,0,1750,1657,1666,1659,1655,1656,1654,1660,1666,1673,1680,1690,1704,1719,1738,1758,1779,1799,1820,1841,1862,1882,1899,1912,1924,1933
E08000031,Wolverhampton,high migration,males,1,1726,1772,1679,1688,1681,1677,1678,1676,1681,1688,1695,1703,1712,1726,1742,1760,1781,1801,1821,1842,1864,1885,1905,1922,1936,1947
E08000031,Wolverhampton,high migration,males,2,1862,1764,1805,1712,1721,1714,1709,1709,1708,1714,1720,1727,1735,1745,1759,1775,1793,1814,1834,1854,1876,1898,1919,1940,1956,1970
E08000031,Wolverhampton,high migration,males,3,1849,1881,1786,1822,1729,1738,1731,1727,1727,1725,1731,1738,1745,1753,1763,1777,1793,1812,1832,1852,1873,1894,1916,1938,1958,1975
E08000031,Wolverhampton,high migration,males,4,1942,1875,1906,1814,1846,1753,1762,1755,1750,1750,1750,1756,1762,1770,1778,1788,1802,1818,1836,1857,1877,1898,1919,1941,1963,1984
E08000031,Wolverhampton,high migration,males,5,1923,1949,1883,1913,1824,1853,1760,1769,1763,1758,1758,1757,1763,1770,1778,1786,1796,1809,1825,1844,1864,1885,1905,1926,1949,1970
E08000031,Wolverhampton,high migration,males,6,1917,1927,1949,1885,1915,1828,1855,1763,1772,1765,1761,1761,1760,1766,1773,1781,1788,1799,1812,1828,1846,1866,1887,1907,1928,1950
E08000031,Wolverhampton,high migration,males,7,1887,1934,1942,1960,1899,1928,1843,1868,1775,1785,1778,1774,1773,1773,1779,1786,1794,1802,1812,1825,1841,1859,1879,1900,1920,1941
E08000031,Wolverhampton,high migration,males,8,1889,1906,1954,1961,1977,1916,1945,1862,1885,1793,1802,1795,1791,1791,1790,1797,1804,1811,1819,1829,1843,1859,1877,1897,1918,1938
E08000031,Wolverhampton,high migration,males,9,1756,1882,1900,1948,1954,1967,1909,1937,1856,1877,1786,1795,1789,1784,1784,1784,1790,1797,1805,1813,1823,1836,1852,1870,1890,1910
E08000031,Wolverhampton,high migration,males,10,1848,1780,1903,1920,1970,1975,1986,1929,1957,1878,1896,1805,1814,1808,1804,1804,1804,1810,1817,1824,1832,1843,1856,1872,1890,1910
E08000031,Wolverhampton,high migration,males,11,1608,1857,1789,1910,1927,1978,1983,1991,1935,1964,1886,1903,1812,1821,1815,1811,1810,1810,1817,1824,1831,1839,1850,1863,1879,1897
E08000031,Wolverhampton,high migration,males,12,1634,1623,1866,1799,1917,1934,1986,1990,1997,1942,1971,1894,1909,1819,1828,1822,1818,1817,1817,1824,1831,1838,1846,1857,1870,1886
E08000031,Wolverhampton,high migration,males,13,1681,1642,1632,1868,1803,1917,1935,1987,1990,1996,1942,1971,1896,1910,1820,1829,1823,1819,1818,1819,1825,1832,1839,1848,1858,1871
E08000031,Wolverhampton,high migration,males,14,1503,1695,1658,1649,1881,1816,1929,1947,1999,2002,2006,1954,1982,1908,1921,1831,1840,1834,1830,1829,1830,1836,1843,1851,1859,1869
E08000031,Wolverhampton,high migration,males,15,1475,1522,1709,1675,1667,1894,1830,1940,1958,2012,2014,2016,1965,1993,1921,1932,1842,1852,1846,1842,1841,1842,1849,1856,1863,1871
E08000031,Wolverhampton,high migration,males,16,1445,1494,1542,1725,1694,1686,1909,1847,1955,1974,2028,2029,2030,1980,2008,1937,1946,1857,1867,1861,1857,1856,1857,1864,1871,1878
E08000031,Wolverhampton,high migration,males,17,1538,1465,1513,1561,1739,1712,1705,1923,1862,1968,1988,2043,2044,2042,1993,2021,1952,1959,1870,1880,1875,1870,1870,1871,1877,1885
E08000031,Wolverhampton,high migration,males,18,1540,1534,1463,1509,1558,1728,1704,1700,1908,1850,1951,1972,2027,2027,2024,1977,2004,1937,1943,1856,1866,1860,1856,1856,1857,1864
E08000031,Wolverhampton,high migration,males,19,1491,1387,1380,1320,1359,1403,1544,1530,1529,1705,1655,1741,1760,1810,1807,1802,1764,1788,1731,1732,1656,1665,1661,1657,1657,1658
E08000031,Wolverhampton,high migration,males,20,1524,1527,1432,1421,1365,1403,1447,1576,1572,1576,1739,1694,1773,1794,1844,1838,1829,1795,1818,1763,1760,1686,1696,1691,1687,1687
E08000031,Wolverhampton,high migration,males,21,1631,1603,1605,1517,1503,1449,1487,1533,1654,1658,1666,1821,1779,1854,1877,1929,1920,1908,1876,1899,1846,1837,1764,1774,1769,1765
E08000031,Wolverhampton,high migration,males,22,1678,1725,1695,1696,1616,1598,1547,1585,1633,1745,1758,1771,1917,1879,1949,1975,2028,2016,2000,1971,1993,1942,1928,1855,1865,1860
E08000031,Wolverhampton,high migration,males,23,1868,1733,1777,1748,1747,1673,1653,1604,1641,1691,1796,1814,1830,1969,1933,1999,2027,2081,2066,2049,2022,2044,1993,1976,1905,1915
E08000031,Wolverhampton,high migration,males,24,1807,1859,1738,1779,1749,1748,1680,1658,1613,1648,1698,1795,1817,1835,1964,1931,1994,2021,2074,2059,2040,2015,2036,1989,1970,1901
E08000031,Wolverhampton,high migration,males,25,1880,1835,1880,1768,1808,1778,1776,1710,1688,1645,1679,1730,1822,1847,1866,1990,1958,2018,2047,2100,2084,2063,2040,2061,2015,1994
E08000031,Wolverhampton,high migration,males,26,2003,1887,1848,1886,1783,1822,1792,1789,1727,1704,1663,1696,1747,1833,1862,1882,2001,1970,2028,2056,2110,2093,2071,2049,2070,2025
E08000031,Wolverhampton,high migration,males,27,1944,2016,1908,1874,1908,1812,1850,1820,1816,1757,1733,1693,1726,1777,1859,1891,1911,2026,1997,2052,2081,2135,2117,2094,2073,2094
E08000031,Wolverhampton,high migration,males,28,1937,1964,2026,1925,1896,1925,1836,1874,1843,1839,1782,1757,1719,1750,1802,1881,1915,1936,2047,2019,2073,2102,2156,2138,2113,2094
E08000031,Wolverhampton,high migration,males,29,1935,1974,2004,2056,1962,1937,1960,1877,1914,1884,1879,1823,1798,1761,1792,1844,1920,1957,1979,2087,2060,2112,2141,2196,2177,2151
E08000031,Wolverhampton,high migration,males,30,2004,1945,1984,2016,2061,1972,1951,1971,1894,1930,1899,1894,1840,1814,1778,1809,1862,1934,1974,1996,2101,2075,2126,2156,2210,2191
E08000031,Wolverhampton,high migration,males,31,1815,2001,1948,1987,2021,2058,1976,1959,1975,1903,1939,1907,1902,1850,1824,1789,1819,1872,1942,1983,2006,2108,2083,2131,2161,2216
E08000031,Wolverhampton,high migration,males,32,1970,1834,2011,1963,2002,2038,2069,1991,1977,1990,1924,1958,1927,1922,1871,1844,1810,1840,1893,1960,2003,2027,2126,2102,2150,2180
E08000031,Wolverhampton,high migration,males,33,1918,1976,1848,2018,1975,2013,2052,2077,2003,1992,2002,1940,1974,1942,1937,1888,1860,1827,1856,1910,1975,2020,2045,2142,2118,2165
E08000031,Wolverhampton,high migration,males,34,1816,1912,1965,1845,2007,1969,2007,2047,2066,1997,1989,1996,1939,1972,1940,1934,1887,1859,1827,1856,1909,1972,2018,2043,2137,2115
E08000031,Wolverhampton,high migration,males,35,1840,1827,1921,1969,1856,2012,1977,2016,2057,2072,2007,2001,2006,1952,1984,1953,1947,1901,1872,1841,1870,1923,1984,2032,2057,2150
E08000031,Wolverhampton,high migration,males,36,1730,1850,1838,1930,1975,1867,2018,1987,2026,2069,2080,2017,2013,2016,1966,1998,1966,1960,1915,1886,1855,1883,1937,1997,2046,2072
E08000031,Wolverhampton,high migration,males,37,1779,1731,1846,1833,1923,1966,1864,2009,1980,2019,2063,2071,2011,2009,2010,1963,1994,1963,1957,1913,1884,1854,1882,1936,1993,2044
E08000031,Wolverhampton,high migration,males,38,1797,1790,1744,1856,1843,1932,1972,1874,2015,1989,2029,2073,2078,2021,2020,2019,1976,2006,1974,1969,1926,1896,1866,1895,1949,2005
E08000031,Wolverhampton,high migration,males,39,1671,1802,1795,1751,1859,1846,1935,1972,1878,2015,1991,2032,2077,2079,2024,2025,2022,1981,2011,1979,1974,1931,1901,1872,1901,1955
E08000031,Wolverhampton,high migration,males,40,1552,1694,1824,1816,1774,1880,1867,1955,1991,1900,2034,2012,2053,2100,2099,2046,2048,2044,2005,2035,2003,1998,1955,1925,1896,1924
E08000031,Wolverhampton,high migration,males,41,1514,1549,1690,1817,1810,1770,1873,1859,1947,1980,1893,2024,2003,2045,2091,2089,2037,2041,2035,1999,2028,1996,1991,1950,1919,1891
E08000031,Wolverhampton,high migration,males,42,1652,1520,1553,1693,1817,1810,1771,1871,1858,1943,1975,1892,2018,2000,2041,2088,2084,2034,2038,2032,1998,2027,1995,1990,1949,1919
E08000031,Wolverhampton,high migration,males,43,1564,1668,1538,1571,1711,1835,1827,1790,1887,1874,1960,1990,1909,2034,2017,2059,2106,2100,2051,2057,2049,2018,2046,2013,2009,1968
E08000031,Wolverhampton,high migration,males,44,1722,1570,1669,1541,1574,1714,1836,1828,1792,1887,1874,1959,1988,1909,2031,2016,2058,2106,2098,2051,2057,2049,2019,2047,2014,2010
E08000031,Wolverhampton,high migration,males,45,1798,1720,1573,1669,1544,1576,1716,1836,1828,1793,1886,1872,1957,1984,1908,2028,2013,2055,2104,2095,2048,2056,2046,2018,2046,2013
E08000031,Wolverhampton,high migration,males,46,1792,1782,1706,1564,1656,1534,1565,1704,1821,1813,1779,1870,1857,1940,1966,1892,2009,1996,2038,2086,2076,2031,2039,2029,2003,2029
E08000031,Wolverhampton,high migration,males,47,1851,1781,1768,1693,1556,1644,1525,1556,1693,1808,1800,1767,1856,1842,1924,1949,1878,1992,1980,2021,2070,2059,2015,2024,2013,1988
E08000031,Wolverhampton,high migration,males,48,1710,1844,1775,1759,1685,1553,1638,1521,1552,1687,1800,1792,1761,1847,1834,1915,1939,1870,1981,1970,2011,2060,2048,2005,2015,2004
E08000031,Wolverhampton,high migration,males,49,1789,1708,1836,1769,1751,1678,1549,1631,1517,1547,1681,1793,1784,1754,1839,1825,1906,1929,1862,1971,1961,2002,2050,2037,1996,2006
E08000031,Wolverhampton,high migration,males,50,1713,1784,1704,1829,1763,1745,1671,1547,1626,1513,1544,1677,1787,1778,1749,1832,1819,1898,1920,1855,1962,1953,1994,2042,2028,1988
E08000031,Wolverhampton,high migration,males,51,1756,1700,1769,1691,1811,1748,1727,1655,1535,1610,1501,1531,1662,1770,1762,1734,1815,1802,1880,1901,1838,1943,1934,1975,2023,2009
E08000031,Wolverhampton,high migration,males,52,1771,1752,1697,1764,1688,1805,1743,1721,1650,1532,1606,1498,1528,1659,1765,1756,1729,1809,1796,1873,1894,1832,1936,1928,1968,2016
E08000031,Wolverhampton,high migration,males,53,1643,1761,1743,1689,1754,1679,1793,1733,1710,1639,1525,1596,1490,1520,1649,1754,1746,1719,1797,1785,1861,1882,1821,1923,1915,1956
E08000031,Wolverhampton,high migration,males,54,1678,1645,1759,1743,1690,1754,1681,1791,1732,1708,1638,1526,1595,1492,1521,1650,1754,1746,1720,1797,1784,1860,1880,1820,1921,1914
E08000031,Wolverhampton,high migration,males,55,1636,1662,1629,1742,1726,1674,1736,1665,1773,1715,1690,1621,1513,1579,1478,1507,1635,1737,1728,1703,1779,1766,1842,1861,1802,1901
E08000031,Wolverhampton,high migration,males,56,1572,1623,1649,1616,1724,1710,1661,1720,1651,1756,1700,1674,1606,1501,1566,1467,1495,1621,1722,1713,1689,1763,1750,1825,1844,1787
E08000031,Wolverhampton,high migration,males,57,1562,1572,1621,1647,1615,1721,1708,1660,1718,1650,1752,1697,1671,1604,1501,1564,1466,1495,1620,1720,1712,1688,1761,1749,1823,1841
E08000031,Wolverhampton,high migration,males,58,1447,1555,1566,1613,1640,1609,1713,1701,1653,1710,1644,1744,1690,1663,1596,1495,1557,1461,1489,1614,1712,1704,1681,1753,1741,1815
E08000031,Wolverhampton,high migration,males,59,1442,1441,1548,1560,1606,1634,1604,1705,1694,1647,1703,1639,1736,1683,1656,1590,1491,1551,1457,1485,1609,1707,1699,1676,1747,1735
E08000031,Wolverhampton,high migration,males,60,1392,1424,1425,1530,1541,1586,1615,1586,1684,1674,1628,1683,1620,1715,1663,1636,1571,1475,1533,1441,1469,1591,1687,1680,1657,1728
E08000031,Wolverhampton,high migration,males,61,1298,1376,1408,1409,1512,1525,1569,1598,1570,1665,1656,1612,1665,1604,1697,1646,1619,1554,1461,1518,1427,1455,1576,1671,1663,1642
E08000031,Wolverhampton,high migration,males,62,1274,1289,1364,1395,1398,1499,1514,1556,1585,1558,1651,1643,1600,1652,1592,1683,1634,1606,1542,1451,1506,1418,1446,1565,1659,1651
E08000031,Wolverhampton,high migration,males,63,1217,1257,1272,1345,1377,1381,1480,1496,1537,1566,1540,1631,1623,1582,1633,1574,1663,1615,1586,1524,1435,1489,1403,1430,1548,1640
E08000031,Wolverhampton,high migration,males,64,1238,1203,1242,1258,1331,1361,1366,1464,1480,1520,1550,1524,1613,1606,1566,1616,1559,1645,1598,1570,1508,1421,1474,1389,1416,1533
E08000031,Wolverhampton,high migration,males,65,1170,1217,1183,1220,1238,1309,1338,1343,1440,1457,1495,1525,1501,1587,1581,1542,1590,1535,1619,1574,1545,1485,1400,1452,1369,1396
E08000031,Wolverhampton,high migration,males,66,1193,1147,1193,1159,1195,1215,1283,1312,1318,1412,1430,1467,1496,1473,1557,1552,1514,1561,1508,1590,1545,1517,1458,1376,1427,1345
E08000031,Wolverhampton,high migration,males,67,1171,1167,1122,1167,1133,1168,1189,1255,1283,1289,1382,1400,1436,1466,1444,1525,1521,1484,1531,1479,1559,1516,1488,1430,1351,1400
E08000031,Wolverhampton,high migration,males,68,1080,1147,1143,1100,1144,1111,1145,1167,1231,1259,1265,1357,1375,1410,1440,1418,1498,1494,1459,1504,1454,1532,1490,1463,1406,1329
E08000031,Wolverhampton,high migration,males,69,1089,1062,1126,1122,1081,1123,1091,1125,1147,1209,1237,1244,1334,1352,1387,1416,1396,1474,1470,1436,1480,1431,1508,1467,1440,1385
E08000031,Wolverhampton,high migration,males,70,1143,1061,1036,1098,1093,1055,1095,1065,1098,1119,1180,1208,1215,1303,1322,1355,1384,1365,1441,1438,1405,1449,1402,1476,1437,1410
E08000031,Wolverhampton,high migration,males,71,1151,1111,1031,1008,1069,1063,1027,1066,1037,1070,1091,1150,1177,1184,1270,1289,1322,1351,1332,1406,1404,1372,1415,1369,1441,1403
E08000031,Wolverhampton,high migration,males,72,937,1114,1074,997,975,1033,1029,994,1032,1005,1036,1057,1114,1141,1148,1232,1252,1283,1312,1294,1366,1364,1334,1375,1332,1402
E08000031,Wolverhampton,high migration,males,73,855,903,1072,1033,958,937,994,990,957,994,968,998,1020,1075,1101,1108,1190,1209,1240,1268,1252,1321,1320,1291,1332,1290
E08000031,Wolverhampton,high migration,males,74,909,835,880,1044,1006,933,914,969,964,934,969,945,975,996,1049,1075,1083,1163,1182,1212,1240,1225,1292,1292,1264,1303
E08000031,Wolverhampton,high migration,males,75,878,876,804,849,1007,969,900,882,935,930,902,936,913,942,963,1015,1040,1048,1126,1145,1174,1202,1188,1252,1253,1227
E08000031,Wolverhampton,high migration,males,76,798,848,846,777,820,974,938,872,855,905,901,874,908,886,914,935,985,1010,1019,1095,1114,1142,1170,1157,1220,1221
E08000031,Wolverhampton,high migration,males,77,731,767,815,812,748,790,938,903,840,824,872,868,844,876,856,883,904,952,977,986,1060,1079,1106,1134,1121,1182
E08000031,Wolverhampton,high migration,males,78,737,703,738,784,784,723,762,907,873,813,798,843,840,817,849,829,856,877,923,948,957,1029,1049,1075,1102,1091
E08000031,Wolverhampton,high migration,males,79,676,703,670,702,745,746,690,727,866,834,777,763,806,803,783,813,795,821,841,886,910,919,989,1009,1034,1061
E08000031,Wolverhampton,high migration,males,80,690,640,664,633,666,708,708,656,691,824,794,741,728,768,765,747,776,759,784,805,847,871,880,947,967,991
E08000031,Wolverhampton,high migration,males,81,609,647,598,619,590,623,663,665,616,649,776,747,698,686,724,721,705,733,718,741,762,802,825,835,899,919
E08000031,Wolverhampton,high migration,males,82,561,572,605,561,582,554,586,624,626,581,612,733,706,660,649,685,683,668,695,681,704,724,763,785,795,856
E08000031,Wolverhampton,high migration,males,83,490,523,533,564,523,542,518,548,584,587,546,575,690,665,622,612,646,644,631,657,644,666,685,722,744,754
E08000031,Wolverhampton,high migration,males,84,479,452,481,493,520,483,501,479,508,542,545,508,535,643,620,581,572,603,601,591,615,603,624,643,678,699
E08000031,Wolverhampton,high migration,males,85,411,432,410,435,447,471,440,456,436,464,495,500,466,490,591,570,535,527,556,554,546,569,559,578,597,630
E08000031,Wolverhampton,high migration,males,86,387,371,390,375,398,408,431,403,419,400,427,456,461,431,453,548,528,496,489,515,514,507,529,520,538,557
E08000031,Wolverhampton,high migration,males,87,316,346,330,348,336,354,366,386,363,377,360,386,412,418,392,411,499,481,453,447,470,469,465,485,477,495
E08000031,Wolverhampton,high migration,males,88,297,285,308,292,311,301,317,329,347,328,340,325,349,374,380,357,374,456,440,415,409,430,429,427,445,439
E08000031,Wolverhampton,high migration,males,89,228,254,242,261,248,265,258,272,283,299,283,294,281,303,325,332,312,327,400,386,365,361,379,378,377,394
E08000032,Wolverhampton,high migration,males,90,185.060,192.259,207.227,214.673,221.771,221.833,228.998,239.841,246.214,254.665,264.964,265.595,264.661,251.895,278.216,307.861,325.694,317.713,322.342,405.602,369.622,349.166,339.646,338.840,341.085,354.300
E08000032,Wolverhampton,high migration,males,91,151.500,155.562,162.610,171.441,180.728,184.321,186.088,188.837,199.671,205.852,214.333,220.153,223.637,223.701,211.908,232.310,255.201,268.846,264.974,265.546,342.421,313.502,298.042,293.863,293.045,292.767
E08000033,Wolverhampton,high migration,males,92,118.633,124.686,128.723,131.600,141.183,146.932,151.258,150.133,153.833,163.383,169.589,174.351,181.511,185.095,184.291,173.280,188.596,206.320,219.620,213.833,219.635,284.575,262.238,252.730,249.110,246.581
E08000034,Wolverhampton,high migration,males,93,88.840,95.420,100.744,101.708,105.792,112.043,117.701,119.127,119.403,122.909,131.457,134.753,140.435,146.789,149.004,147.263,137.470,149.006,164.722,173.231,172.885,178.448,232.744,217.451,209.529,205.027
E08000035,Wolverhampton,high migration,males,94,65.629,69.711,75.142,77.563,79.656,81.787,87.423,90.294,92.295,92.942,96.357,101.795,105.797,110.717,115.206,116.091,113.915,105.910,116.005,126.705,136.595,137.007,142.370,188.284,175.903,168.282
E08000036,Wolverhampton,high migration,males,95,47.324,50.151,53.406,56.270,59.074,59.870,62.038,65.195,68.002,69.839,70.837,72.552,77.722,81.125,84.529,87.326,87.375,85.390,80.229,86.826,97.221,105.343,106.380,112.104,148.264,137.542
E08000037,Wolverhampton,high migration,males,96,33.693,35.167,37.321,38.837,41.608,43.101,44.074,44.890,47.638,49.927,51.650,51.758,53.758,57.850,60.131,62.208,63.816,63.598,62.813,58.310,64.694,72.814,79.442,81.360,85.752,112.623
E08000038,Wolverhampton,high migration,males,97,23.565,24.275,25.345,26.282,27.799,29.381,30.702,30.853,31.729,33.827,35.713,36.500,37.095,38.709,41.483,42.819,43.997,44.953,45.277,44.186,42.049,46.895,53.147,58.812,60.247,63.066
E08000039,Wolverhampton,high migration,males,98,15.468,16.398,16.871,17.211,18.139,18.921,20.166,20.708,21.006,21.699,23.299,24.302,25.193,25.725,26.737,28.457,29.173,29.864,30.836,30.690,30.707,29.374,32.985,37.916,41.970,42.705
E08000040,Wolverhampton,high migration,males,99,6.190,10.359,10.953,11.011,11.415,11.859,12.471,13.058,13.533,13.787,14.344,15.216,16.098,16.762,17.048,17.600,18.608,19.007,19.664,20.063,20.473,20.591,19.834,22.593,25.978,28.562
E08000041,Wolverhampton,high migration,males,100,9.098,9.225,11.933,13.665,14.940,15.681,16.482,17.013,17.825,18.651,19.400,19.923,21.054,22.363,23.453,24.086,24.613,25.449,26.468,27.132,28.453,29.626,30.579,31.052,33.107,36.321
E08000031,Wolverhampton,high migration,females,all,131883,132871,133793,134696,135580,136442,137302,138141,138955,139771,140614,141446,142252,143059,143882,144706,145528,146349,147170,148005,148863,149723,150580,151436,152295,153154
E08000031,Wolverhampton,high migration,females,0,1731,1586,1595,1588,1585,1585,1583,1588,1594,1601,1608,1617,1630,1645,1663,1682,1702,1721,1741,1761,1782,1801,1816,1829,1840,1849
E08000031,Wolverhampton,high migration,females,1,1788,1752,1611,1619,1613,1609,1609,1607,1613,1619,1625,1633,1642,1655,1670,1688,1707,1727,1746,1766,1787,1807,1826,1842,1855,1866
E08000031,Wolverhampton,high migration,females,2,1752,1810,1774,1635,1643,1637,1633,1632,1631,1637,1643,1650,1657,1667,1680,1695,1713,1732,1751,1771,1791,1812,1832,1852,1868,1881
E08000031,Wolverhampton,high migration,females,3,1804,1784,1838,1800,1664,1672,1666,1661,1661,1660,1665,1672,1679,1686,1696,1709,1724,1742,1761,1781,1801,1821,1842,1863,1882,1899
E08000031,Wolverhampton,high migration,females,4,1822,1839,1821,1871,1832,1697,1706,1699,1695,1694,1693,1699,1706,1713,1721,1730,1744,1759,1777,1797,1816,1836,1857,1878,1899,1919
E08000031,Wolverhampton,high migration,females,5,1790,1840,1855,1837,1885,1845,1712,1721,1714,1710,1709,1709,1715,1721,1728,1736,1746,1759,1775,1793,1812,1832,1852,1872,1894,1915
E08000031,Wolverhampton,high migration,females,6,1870,1799,1845,1859,1843,1887,1848,1717,1726,1719,1715,1714,1714,1720,1727,1734,1742,1751,1765,1780,1798,1817,1837,1857,1877,1899
E08000031,Wolverhampton,high migration,females,7,1912,1897,1826,1869,1882,1867,1910,1870,1740,1748,1742,1738,1737,1737,1743,1750,1757,1765,1775,1788,1804,1821,1841,1861,1881,1902
E08000031,Wolverhampton,high migration,females,8,1705,1910,1897,1828,1868,1880,1866,1906,1866,1739,1748,1742,1737,1737,1737,1743,1749,1757,1764,1774,1788,1803,1821,1840,1860,1880
E08000031,Wolverhampton,high migration,females,9,1610,1712,1911,1901,1833,1871,1881,1869,1907,1866,1742,1750,1744,1740,1739,1739,1745,1752,1759,1767,1777,1790,1806,1823,1843,1862
E08000031,Wolverhampton,high migration,females,10,1719,1621,1720,1913,1906,1838,1874,1884,1873,1909,1869,1745,1754,1748,1744,1743,1743,1750,1756,1764,1771,1781,1794,1810,1827,1847
E08000031,Wolverhampton,high migration,females,11,1713,1733,1637,1732,1921,1916,1850,1884,1893,1883,1917,1877,1755,1764,1758,1754,1753,1753,1760,1766,1774,1782,1791,1805,1820,1837
E08000031,Wolverhampton,high migration,females,12,1593,1719,1739,1647,1739,1923,1920,1854,1887,1895,1886,1918,1878,1758,1767,1761,1757,1756,1757,1763,1770,1777,1785,1795,1808,1823
E08000031,Wolverhampton,high migration,females,13,1502,1613,1736,1758,1667,1757,1938,1937,1872,1903,1911,1902,1934,1893,1774,1783,1777,1773,1772,1773,1779,1786,1793,1801,1811,1824
E08000031,Wolverhampton,high migration,females,14,1512,1525,1635,1756,1778,1690,1777,1956,1956,1892,1922,1929,1921,1951,1910,1792,1801,1795,1791,1790,1791,1798,1804,1812,1820,1830
E08000031,Wolverhampton,high migration,females,15,1398,1514,1528,1637,1754,1778,1692,1777,1951,1953,1889,1918,1924,1918,1947,1906,1789,1798,1793,1789,1788,1789,1795,1802,1809,1817
E08000031,Wolverhampton,high migration,females,16,1386,1420,1534,1549,1657,1772,1797,1713,1796,1968,1971,1908,1935,1941,1936,1963,1922,1806,1815,1810,1806,1805,1806,1813,1820,1827
E08000031,Wolverhampton,high migration,females,17,1404,1404,1437,1549,1566,1673,1785,1811,1730,1810,1978,1984,1921,1947,1952,1948,1974,1933,1818,1827,1822,1818,1817,1818,1825,1832
E08000031,Wolverhampton,high migration,females,18,1417,1372,1370,1402,1507,1524,1626,1730,1756,1682,1756,1912,1920,1861,1884,1888,1885,1909,1869,1760,1769,1765,1761,1760,1762,1768
E08000031,Wolverhampton,high migration,females,19,1311,1227,1192,1187,1214,1296,1316,1398,1478,1504,1450,1507,1626,1638,1590,1604,1606,1606,1620,1586,1499,1508,1504,1500,1500,1501
E08000031,Wolverhampton,high migration,females,20,1411,1397,1320,1287,1277,1305,1383,1406,1487,1561,1592,1547,1597,1706,1724,1676,1683,1684,1687,1694,1658,1576,1584,1580,1577,1576
E08000031,Wolverhampton,high migration,females,21,1558,1466,1455,1386,1354,1341,1369,1442,1468,1549,1615,1652,1613,1659,1757,1780,1733,1736,1735,1741,1742,1705,1627,1635,1632,1628
E08000031,Wolverhampton,high migration,females,22,1589,1662,1577,1569,1508,1477,1459,1489,1561,1591,1672,1734,1778,1744,1786,1879,1907,1859,1857,1855,1863,1858,1819,1743,1752,1748
E08000031,Wolverhampton,high migration,females,23,1598,1652,1717,1640,1634,1576,1547,1526,1556,1625,1656,1736,1794,1840,1811,1849,1935,1966,1919,1914,1911,1920,1912,1873,1799,1809
E08000031,Wolverhampton,high migration,females,24,1767,1622,1667,1725,1654,1648,1593,1566,1544,1574,1639,1671,1748,1802,1848,1823,1859,1938,1971,1925,1918,1914,1924,1914,1875,1805
E08000031,Wolverhampton,high migration,females,25,1824,1797,1663,1703,1756,1690,1684,1630,1604,1581,1612,1674,1707,1784,1835,1883,1860,1894,1970,2003,1958,1949,1945,1956,1944,1905
E08000031,Wolverhampton,high migration,females,26,1823,1828,1805,1681,1717,1766,1704,1699,1646,1622,1598,1628,1689,1722,1798,1846,1894,1874,1906,1978,2012,1968,1958,1954,1965,1952
E08000031,Wolverhampton,high migration,females,27,1955,1810,1808,1789,1675,1708,1752,1694,1691,1640,1617,1592,1622,1681,1714,1788,1833,1882,1863,1893,1962,1996,1953,1943,1938,1950
E08000031,Wolverhampton,high migration,females,28,1896,1976,1843,1835,1817,1711,1740,1781,1727,1723,1673,1651,1626,1656,1713,1747,1820,1864,1914,1896,1926,1992,2028,1985,1973,1968
E08000031,Wolverhampton,high migration,females,29,1955,1883,1959,1838,1826,1811,1712,1739,1777,1725,1722,1674,1652,1627,1657,1713,1746,1818,1860,1910,1894,1922,1986,2021,1980,1967
E08000031,Wolverhampton,high migration,females,30,1927,1964,1898,1971,1860,1843,1830,1736,1762,1798,1748,1746,1697,1677,1650,1681,1736,1770,1842,1883,1934,1919,1947,2009,2045,2004
E08000031,Wolverhampton,high migration,females,31,1838,1941,1975,1915,1986,1883,1862,1851,1761,1786,1820,1772,1770,1722,1702,1675,1705,1760,1795,1867,1907,1959,1945,1972,2032,2070
E08000031,Wolverhampton,high migration,females,32,1956,1882,1977,2009,1954,2024,1927,1903,1892,1806,1829,1862,1816,1813,1766,1746,1718,1749,1804,1839,1912,1952,2005,1992,2019,2079
E08000031,Wolverhampton,high migration,females,33,1855,1965,1898,1987,2017,1966,2034,1943,1916,1907,1823,1846,1878,1833,1830,1783,1764,1735,1767,1821,1857,1930,1969,2022,2010,2037
E08000031,Wolverhampton,high migration,females,34,1850,1872,1976,1915,1998,2027,1979,2047,1961,1932,1923,1843,1865,1895,1851,1849,1802,1783,1754,1785,1840,1876,1948,1988,2041,2030
E08000031,Wolverhampton,high migration,females,35,1782,1844,1866,1964,1910,1987,2014,1970,2036,1955,1924,1917,1839,1861,1889,1847,1845,1799,1780,1751,1783,1837,1872,1945,1983,2037
E08000031,Wolverhampton,high migration,females,36,1730,1783,1839,1861,1954,1905,1977,2003,1962,2027,1950,1918,1911,1837,1858,1885,1843,1842,1797,1778,1749,1781,1834,1870,1941,1979
E08000031,Wolverhampton,high migration,females,37,1690,1734,1786,1837,1860,1947,1904,1971,1995,1958,2021,1948,1915,1909,1837,1857,1883,1843,1842,1797,1779,1750,1781,1834,1870,1941
E08000031,Wolverhampton,high migration,females,38,1730,1699,1741,1791,1838,1861,1945,1906,1969,1993,1958,2020,1950,1916,1911,1840,1861,1886,1846,1845,1801,1783,1754,1785,1838,1873
E08000031,Wolverhampton,high migration,females,39,1702,1745,1714,1756,1805,1848,1871,1952,1916,1977,1999,1967,2028,1961,1926,1921,1852,1872,1896,1858,1857,1813,1795,1766,1797,1849
E08000031,Wolverhampton,high migration,females,40,1531,1704,1749,1719,1759,1807,1848,1872,1949,1916,1975,1996,1965,2026,1962,1925,1921,1854,1873,1897,1859,1858,1814,1797,1767,1799
E08000031,Wolverhampton,high migration,females,41,1455,1528,1698,1745,1717,1756,1802,1840,1864,1939,1909,1965,1985,1956,2017,1954,1918,1914,1848,1867,1890,1853,1852,1809,1792,1762
E08000031,Wolverhampton,high migration,females,42,1512,1466,1536,1705,1754,1727,1764,1810,1846,1871,1944,1915,1969,1989,1961,2021,1961,1923,1920,1855,1874,1897,1860,1859,1816,1799
E08000031,Wolverhampton,high migration,females,43,1528,1512,1467,1535,1702,1753,1727,1763,1808,1842,1867,1938,1912,1964,1983,1956,2016,1957,1919,1916,1853,1871,1893,1857,1856,1814
E08000031,Wolverhampton,high migration,females,44,1544,1539,1522,1477,1545,1711,1764,1738,1774,1818,1850,1875,1945,1920,1971,1990,1964,2024,1967,1928,1925,1863,1881,1903,1867,1866
E08000031,Wolverhampton,high migration,females,45,1701,1543,1537,1520,1476,1542,1706,1760,1734,1769,1813,1844,1869,1936,1914,1963,1981,1956,2015,1960,1921,1918,1857,1875,1896,1861
E08000031,Wolverhampton,high migration,females,46,1732,1704,1549,1543,1525,1482,1546,1709,1764,1740,1774,1817,1846,1871,1938,1917,1964,1982,1958,2017,1963,1923,1921,1861,1878,1899
E08000031,Wolverhampton,high migration,females,47,1946,1734,1704,1551,1544,1526,1484,1547,1708,1764,1740,1774,1816,1844,1869,1934,1914,1961,1978,1955,2013,1960,1921,1919,1860,1877
E08000031,Wolverhampton,high migration,females,48,1900,1940,1732,1700,1551,1543,1525,1484,1545,1705,1761,1738,1771,1813,1839,1865,1928,1910,1955,1971,1950,2007,1956,1916,1914,1856
E08000031,Wolverhampton,high migration,females,49,1737,1895,1934,1731,1697,1552,1544,1525,1484,1544,1702,1760,1738,1769,1811,1836,1861,1923,1907,1950,1966,1945,2002,1953,1913,1911
E08000031,Wolverhampton,high migration,females,50,1723,1731,1884,1923,1724,1689,1547,1538,1518,1479,1537,1694,1752,1730,1761,1802,1826,1852,1912,1897,1939,1955,1935,1991,1943,1903
E08000031,Wolverhampton,high migration,females,51,1751,1736,1743,1893,1932,1736,1699,1558,1549,1529,1490,1547,1704,1764,1742,1773,1813,1836,1862,1921,1907,1949,1965,1945,2002,1954
E08000031,Wolverhampton,high migration,females,52,1773,1749,1734,1741,1886,1925,1733,1694,1556,1547,1526,1488,1545,1700,1760,1739,1769,1809,1831,1857,1915,1903,1943,1958,1940,1996
E08000031,Wolverhampton,high migration,females,53,1801,1766,1741,1726,1733,1874,1913,1724,1685,1550,1540,1519,1482,1537,1691,1752,1730,1760,1799,1820,1847,1904,1892,1931,1946,1928
E08000031,Wolverhampton,high migration,females,54,1731,1798,1764,1739,1723,1731,1868,1907,1721,1681,1548,1538,1517,1481,1535,1688,1749,1728,1758,1796,1816,1843,1899,1888,1927,1942
E08000031,Wolverhampton,high migration,females,55,1704,1724,1789,1756,1732,1717,1724,1857,1896,1714,1673,1543,1533,1511,1476,1529,1680,1742,1721,1750,1789,1808,1834,1889,1879,1917
E08000031,Wolverhampton,high migration,females,56,1710,1694,1715,1779,1746,1723,1708,1715,1844,1882,1704,1663,1535,1525,1504,1469,1521,1671,1733,1712,1741,1778,1797,1823,1877,1868
E08000031,Wolverhampton,high migration,females,57,1600,1706,1691,1710,1774,1742,1719,1704,1711,1836,1874,1700,1658,1532,1522,1501,1467,1518,1666,1728,1709,1737,1774,1791,1818,1871
E08000031,Wolverhampton,high migration,females,58,1508,1586,1689,1675,1696,1758,1727,1705,1690,1697,1818,1856,1685,1643,1520,1510,1489,1455,1505,1652,1714,1695,1722,1759,1776,1802
E08000031,Wolverhampton,high migration,females,59,1446,1502,1580,1682,1669,1690,1751,1721,1699,1685,1691,1809,1847,1679,1636,1516,1505,1484,1451,1501,1646,1709,1690,1717,1753,1769
E08000031,Wolverhampton,high migration,females,60,1411,1441,1497,1574,1676,1663,1684,1744,1715,1693,1679,1686,1801,1838,1674,1630,1512,1501,1480,1448,1496,1640,1703,1685,1712,1747
E08000031,Wolverhampton,high migration,females,61,1388,1408,1438,1492,1569,1670,1658,1679,1738,1710,1689,1675,1682,1794,1831,1669,1625,1508,1497,1476,1445,1493,1636,1699,1681,1708
E08000031,Wolverhampton,high migration,females,62,1325,1383,1402,1433,1487,1563,1663,1652,1673,1731,1704,1683,1670,1676,1786,1823,1664,1619,1505,1494,1473,1442,1489,1631,1695,1677
E08000031,Wolverhampton,high migration,females,63,1235,1319,1375,1395,1426,1480,1555,1654,1643,1665,1722,1695,1675,1662,1669,1776,1813,1656,1612,1498,1488,1466,1436,1483,1624,1688
E08000031,Wolverhampton,high migration,females,64,1301,1228,1311,1367,1387,1417,1470,1545,1643,1632,1655,1711,1685,1666,1653,1659,1764,1800,1647,1602,1491,1480,1459,1429,1475,1615
E08000031,Wolverhampton,high migration,females,65,1212,1287,1216,1297,1353,1372,1402,1455,1529,1626,1616,1638,1694,1668,1649,1637,1643,1746,1782,1631,1586,1477,1466,1445,1416,1461
E08000031,Wolverhampton,high migration,females,66,1234,1198,1270,1202,1282,1337,1355,1385,1437,1510,1606,1596,1618,1673,1648,1630,1618,1624,1724,1761,1613,1568,1461,1450,1430,1401
E08000031,Wolverhampton,high migration,females,67,1203,1214,1180,1250,1182,1260,1314,1333,1362,1413,1484,1579,1569,1592,1645,1622,1604,1592,1599,1696,1732,1588,1544,1439,1429,1409
E08000031,Wolverhampton,high migration,females,68,1211,1189,1200,1167,1236,1170,1246,1300,1319,1347,1398,1468,1562,1553,1575,1628,1605,1588,1576,1583,1678,1714,1572,1528,1426,1415
E08000031,Wolverhampton,high migration,females,69,1187,1191,1169,1179,1147,1213,1150,1225,1277,1296,1324,1374,1443,1535,1526,1549,1601,1578,1562,1551,1557,1650,1685,1547,1504,1403
E08000031,Wolverhampton,high migration,females,70,1181,1167,1171,1148,1158,1127,1192,1130,1204,1255,1273,1302,1351,1419,1509,1501,1523,1574,1553,1537,1526,1533,1623,1658,1523,1480
E08000031,Wolverhampton,high migration,females,71,1189,1167,1151,1154,1131,1141,1112,1175,1115,1187,1238,1256,1284,1332,1400,1489,1481,1504,1554,1533,1518,1508,1515,1603,1637,1505
E08000031,Wolverhampton,high migration,females,72,977,1172,1148,1132,1134,1111,1122,1094,1155,1097,1168,1218,1236,1264,1311,1377,1465,1458,1481,1530,1510,1495,1486,1493,1579,1613
E08000031,Wolverhampton,high migration,females,73,1014,967,1158,1136,1119,1119,1098,1109,1082,1142,1084,1154,1204,1222,1250,1296,1362,1449,1442,1465,1514,1494,1480,1471,1478,1562
E08000031,Wolverhampton,high migration,females,74,1120,994,946,1134,1113,1096,1096,1075,1086,1061,1119,1063,1132,1180,1198,1225,1271,1336,1421,1415,1438,1486,1467,1454,1445,1452
E08000031,Wolverhampton,high migration,females,75,1022,1093,970,921,1105,1084,1069,1069,1048,1059,1035,1091,1037,1105,1152,1170,1197,1242,1305,1389,1384,1406,1453,1435,1422,1414
E08000031,Wolverhampton,high migration,females,76,864,991,1058,939,891,1071,1050,1036,1036,1016,1026,1004,1058,1007,1072,1118,1136,1162,1206,1268,1350,1345,1366,1412,1396,1384
E08000031,Wolverhampton,high migration,females,77,858,845,968,1034,918,873,1048,1028,1014,1014,995,1005,984,1037,986,1051,1096,1114,1140,1183,1244,1324,1319,1341,1386,1371
E08000031,Wolverhampton,high migration,females,78,935,832,819,938,1003,892,847,1017,998,984,985,966,976,957,1008,959,1022,1066,1084,1109,1152,1211,1289,1285,1307,1351
E08000031,Wolverhampton,high migration,females,79,853,894,795,783,896,958,853,811,975,956,943,944,926,936,918,967,921,982,1024,1042,1066,1108,1165,1241,1238,1259
E08000031,Wolverhampton,high migration,females,80,798,819,855,763,751,860,920,821,780,938,921,908,909,892,901,885,932,888,947,988,1005,1030,1069,1125,1199,1196
E08000031,Wolverhampton,high migration,females,81,792,769,787,821,734,723,829,886,792,754,907,890,877,878,862,871,857,901,860,917,957,973,998,1036,1091,1163
E08000031,Wolverhampton,high migration,females,82,744,754,731,748,778,697,688,789,843,755,719,866,849,837,838,823,832,819,861,823,878,916,933,956,994,1047
E08000031,Wolverhampton,high migration,females,83,676,705,713,692,707,736,661,654,749,801,718,684,825,810,798,800,785,793,783,822,786,839,876,892,916,952
E08000031,Wolverhampton,high migration,females,84,612,634,658,667,648,662,690,620,615,705,753,677,646,780,765,753,755,742,749,742,778,745,795,831,847,869
E08000031,Wolverhampton,high migration,females,85,596,579,601,624,632,615,629,654,590,586,672,718,648,618,747,732,721,723,710,717,712,746,714,764,798,814
E08000031,Wolverhampton,high migration,females,86,595,553,536,554,577,587,571,584,607,550,548,628,672,608,580,703,689,677,680,668,675,671,702,674,721,753
E08000031,Wolverhampton,high migration,females,87,508,537,496,481,501,522,531,518,530,550,500,500,573,613,556,531,645,632,622,625,614,620,619,647,622,666
E08000031,Wolverhampton,high migration,females,88,457,451,478,439,427,446,465,474,463,474,492,449,450,515,551,502,480,585,573,563,566,557,562,563,588,566
E08000031,Wolverhampton,high migration,females,89,373,402,394,418,383,375,392,410,418,409,419,435,398,400,458,491,448,430,524,513,505,508,500,505,507,529
E08000031,Wolverhampton,high migration,females,90,305.3513564,316.9755986,329.7728367,329.968972,329.3440025,321.3742549,321.656103,333.2503725,340.8231569,348.4365571,354.2966425,356.7051232,355.6663999,336.6214986,362.5141616,398.6378553,423.0237216,415.0512395,414.8733137,515.2645488,470.192772,444.1110134,436.6317446,428.6327223,429.1186532,441.1180621
E08000032,Wolverhampton,high migration,females,91,260.9608771,263.8630299,272.5340979,280.9564317,284.3606889,280.1196595,273.7493253,274.7909355,286.5896912,293.5561773,298.0383099,305.0946453,310.3869704,307.1770255,286.8751995,312.7444317,345.6119324,361.0063102,351.6325479,349.1118564,444.155955,410.0152934,389.7990079,383.7881863,377.8853327,377.1183806
E08000033,Wolverhampton,high migration,females,92,220.4681629,221.3588833,222.390049,227.5475779,237.2311241,236.9419962,233.7387487,229.0962944,231.518331,241.8688842,246.0746346,251.5609252,260.2477945,262.81007,256.660567,242.6660987,265.8702935,289.224352,299.9364052,290.2073679,295.1744331,379.9420201,353.0625652,336.1761941,332.025802,325.9252576
E08000034,Wolverhampton,high migration,females,93,180.9355761,183.280417,182.5767867,181.6602336,187.9201236,193.290092,193.3019323,191.2372153,188.7006462,191.0381693,198.2588265,203.133601,209.8949574,215.572925,214.8400428,212.4263446,201.8581791,217.7203414,235.1560992,242.2654009,240.1617504,247.1610585,320.2825802,298.1218358,284.7813878,280.4492825
E08000035,Wolverhampton,high migration,females,94,146.3489669,147.1835987,147.6949298,145.6744568,146.4948371,149.4685054,153.8984246,154.3213056,153.691968,151.9196789,152.8000471,159.7167193,165.432468,169.7249851,172.0530436,173.6163564,172.5425919,161.4160949,172.8683823,185.4998502,195.811834,196.4270368,203.5341066,264.2149916,246.7597079,235.0616032
E08000036,Wolverhampton,high migration,females,95,115.7658249,116.3139273,115.7003953,114.9309442,114.5429625,113.5741359,115.9630764,119.692902,120.7971657,120.5061529,118.3379389,119.8876649,126.7011276,130.3224563,131.9852793,135.4893849,137.4287178,134.4670879,124.9111231,132.9080183,146.1415421,156.1148085,157.6904843,163.7020093,213.2388992,198.6212235
E08000037,Wolverhampton,high migration,females,96,89.59134142,89.71140449,88.99487043,87.62383229,87.93472552,86.38578258,85.68712956,87.6763524,91.05829091,92.03552477,91.20275091,90.20882411,92.40640057,96.98987758,98.49446007,101.0214318,104.2557098,104.1191784,101.1620742,93.36928712,101.8026334,113.2903795,121.8662249,123.3353202,128.4921364,166.9451337
E08000038,Wolverhampton,high migration,females,97,69.01466523,67.46850718,66.57176561,65.3661253,65.01205925,64.29660514,63.16960933,62.76984964,64.60294178,67.17779135,67.4311519,67.30096428,67.30329715,68.47154117,70.96220548,72.99335102,75.27237934,76.49515569,75.86576787,73.23723206,69.2712891,76.4411121,85.66463667,92.33540609,93.78902027,97.47111755
E08000039,Wolverhampton,high migration,females,98,51.0541161,50.32064692,48.3648579,47.22859251,46.84369118,45.90998629,45.39669853,44.66611683,44.62957852,45.97111703,47.463512,47.97258792,48.40055972,48.0715024,48.29099302,50.69773239,52.43985215,53.25476398,53.74886311,52.96754101,52.40019491,50.16356562,55.74942015,62.60543871,67.73405917,68.6352068
E08000040,Wolverhampton,high migration,females,99,23.04746287,35.92947915,34.72292171,33.02714103,32.57639852,31.83939345,31.19300842,30.8855998,30.5427431,30.5357452,31.21595121,32.44063341,33.14263204,33.20325329,32.56120128,33.13850976,34.98421291,35.64082624,35.94961648,36.05319246,36.41338381,36.46164986,35.15385963,39.14812741,44.12842648,47.63554126
E08000041,Wolverhampton,high migration,females,100,41.46165019,40.77350747,47.83948884,51.10769269,52.50838692,52.19258866,51.43294391,50.54705597,50.03548667,49.49920202,48.77623439,49.08231123,50.60839275,51.62586498,51.59584643,51.79950347,52.56140953,53.40564983,53.99580692,54.2137048,55.77221221,57.6160621,59.15636987,59.29476827,62.20557506,67.23719123
