year,sex,age,ex
1981,2,55,25.1
1981,2,56,24.3
1981,2,57,23.4
1981,2,58,22.6
1981,2,59,21.8
1981,2,60,21.0
1981,2,61,20.2
1981,2,62,19.4
1981,2,63,18.6
1981,2,64,17.8
1981,2,65,17.1
1981,2,66,16.3
1981,2,67,15.6
1981,2,68,14.9
1981,2,69,14.2
1981,2,70,13.5
1981,2,71,12.8
1981,2,72,12.1
1981,2,73,11.5
1981,2,74,10.9
1981,2,75,10.3
1981,2,76,9.7
1981,2,77,9.1
1981,2,78,8.6
1981,2,79,8.0
1981,2,80,7.5
1981,2,81,7.0
1981,2,82,6.6
1981,2,83,6.2
1981,2,84,5.8
1981,2,85,5.4
1981,2,86,5.1
1981,2,87,4.8
1981,2,88,4.5
1981,2,89,4.2
1981,2,90,4.0
1981,1,55,20.2
1981,1,56,19.4
1981,1,57,18.7
1981,1,58,17.9
1981,1,59,17.2
1981,1,60,16.5
1981,1,61,15.8
1981,1,62,15.1
1981,1,63,14.4
1981,1,64,13.7
1981,1,65,13.1
1981,1,66,12.5
1981,1,67,11.9
1981,1,68,11.3
1981,1,69,10.7
1981,1,70,10.2
1981,1,71,9.7
1981,1,72,9.2
1981,1,73,8.7
1981,1,74,8.2
1981,1,75,7.8
1981,1,76,7.3
1981,1,77,6.9
1981,1,78,6.5
1981,1,79,6.2
1981,1,80,5.8
1981,1,81,5.5
1981,1,82,5.2
1981,1,83,4.9
1981,1,84,4.6
1981,1,85,4.4
1981,1,86,4.1
1981,1,87,3.9
1981,1,88,3.7
1981,1,89,3.6
1981,1,90,3.4
1982,2,55,25.1
1982,2,56,24.3
1982,2,57,23.4
1982,2,58,22.6
1982,2,59,21.8
1982,2,60,21.0
1982,2,61,20.2
1982,2,62,19.4
1982,2,63,18.6
1982,2,64,17.9
1982,2,65,17.1
1982,2,66,16.4
1982,2,67,15.6
1982,2,68,14.9
1982,2,69,14.2
1982,2,70,13.5
1982,2,71,12.8
1982,2,72,12.2
1982,2,73,11.5
1982,2,74,10.9
1982,2,75,10.3
1982,2,76,9.7
1982,2,77,9.1
1982,2,78,8.6
1982,2,79,8.1
1982,2,80,7.6
1982,2,81,7.1
1982,2,82,6.6
1982,2,83,6.2
1982,2,84,5.8
1982,2,85,5.4
1982,2,86,5.1
1982,2,87,4.8
1982,2,88,4.4
1982,2,89,4.2
1982,2,90,3.9
1982,1,55,20.3
1982,1,56,19.5
1982,1,57,18.7
1982,1,58,18.0
1982,1,59,17.2
1982,1,60,16.5
1982,1,61,15.8
1982,1,62,15.1
1982,1,63,14.4
1982,1,64,13.8
1982,1,65,13.1
1982,1,66,12.5
1982,1,67,11.9
1982,1,68,11.3
1982,1,69,10.7
1982,1,70,10.2
1982,1,71,9.7
1982,1,72,9.1
1982,1,73,8.7
1982,1,74,8.2
1982,1,75,7.8
1982,1,76,7.3
1982,1,77,6.9
1982,1,78,6.5
1982,1,79,6.2
1982,1,80,5.8
1982,1,81,5.5
1982,1,82,5.2
1982,1,83,4.9
1982,1,84,4.6
1982,1,85,4.4
1982,1,86,4.1
1982,1,87,3.9
1982,1,88,3.7
1982,1,89,3.5
1982,1,90,3.4
1983,2,55,25.3
1983,2,56,24.4
1983,2,57,23.6
1983,2,58,22.8
1983,2,59,21.9
1983,2,60,21.1
1983,2,61,20.3
1983,2,62,19.5
1983,2,63,18.8
1983,2,64,18.0
1983,2,65,17.2
1983,2,66,16.5
1983,2,67,15.8
1983,2,68,15.0
1983,2,69,14.3
1983,2,70,13.6
1983,2,71,13.0
1983,2,72,12.3
1983,2,73,11.6
1983,2,74,11.0
1983,2,75,10.4
1983,2,76,9.8
1983,2,77,9.3
1983,2,78,8.7
1983,2,79,8.2
1983,2,80,7.7
1983,2,81,7.2
1983,2,82,6.7
1983,2,83,6.3
1983,2,84,5.9
1983,2,85,5.5
1983,2,86,5.1
1983,2,87,4.8
1983,2,88,4.5
1983,2,89,4.2
1983,2,90,4.0
1983,1,55,20.4
1983,1,56,19.6
1983,1,57,18.8
1983,1,58,18.1
1983,1,59,17.3
1983,1,60,16.6
1983,1,61,15.9
1983,1,62,15.2
1983,1,63,14.5
1983,1,64,13.9
1983,1,65,13.2
1983,1,66,12.6
1983,1,67,12.0
1983,1,68,11.4
1983,1,69,10.9
1983,1,70,10.3
1983,1,71,9.8
1983,1,72,9.3
1983,1,73,8.8
1983,1,74,8.3
1983,1,75,7.9
1983,1,76,7.4
1983,1,77,7.0
1983,1,78,6.6
1983,1,79,6.3
1983,1,80,5.9
1983,1,81,5.6
1983,1,82,5.2
1983,1,83,4.9
1983,1,84,4.7
1983,1,85,4.4
1983,1,86,4.2
1983,1,87,3.9
1983,1,88,3.7
1983,1,89,3.5
1983,1,90,3.3
1984,2,55,25.5
1984,2,56,24.7
1984,2,57,23.8
1984,2,58,23.0
1984,2,59,22.2
1984,2,60,21.4
1984,2,61,20.6
1984,2,62,19.8
1984,2,63,19.0
1984,2,64,18.2
1984,2,65,17.5
1984,2,66,16.7
1984,2,67,16.0
1984,2,68,15.3
1984,2,69,14.6
1984,2,70,13.9
1984,2,71,13.2
1984,2,72,12.6
1984,2,73,11.9
1984,2,74,11.3
1984,2,75,10.7
1984,2,76,10.1
1984,2,77,9.5
1984,2,78,8.9
1984,2,79,8.4
1984,2,80,7.9
1984,2,81,7.4
1984,2,82,6.9
1984,2,83,6.5
1984,2,84,6.1
1984,2,85,5.7
1984,2,86,5.3
1984,2,87,5.0
1984,2,88,4.7
1984,2,89,4.3
1984,2,90,4.1
1984,1,55,20.7
1984,1,56,19.9
1984,1,57,19.1
1984,1,58,18.4
1984,1,59,17.6
1984,1,60,16.9
1984,1,61,16.2
1984,1,62,15.5
1984,1,63,14.8
1984,1,64,14.2
1984,1,65,13.5
1984,1,66,12.9
1984,1,67,12.3
1984,1,68,11.7
1984,1,69,11.1
1984,1,70,10.6
1984,1,71,10.0
1984,1,72,9.5
1984,1,73,9.0
1984,1,74,8.5
1984,1,75,8.1
1984,1,76,7.6
1984,1,77,7.2
1984,1,78,6.8
1984,1,79,6.4
1984,1,80,6.1
1984,1,81,5.8
1984,1,82,5.4
1984,1,83,5.1
1984,1,84,4.8
1984,1,85,4.6
1984,1,86,4.3
1984,1,87,4.1
1984,1,88,3.9
1984,1,89,3.6
1984,1,90,3.4
1985,2,55,25.3
1985,2,56,24.4
1985,2,57,23.6
1985,2,58,22.8
1985,2,59,21.9
1985,2,60,21.1
1985,2,61,20.3
1985,2,62,19.5
1985,2,63,18.8
1985,2,64,18.0
1985,2,65,17.3
1985,2,66,16.5
1985,2,67,15.8
1985,2,68,15.1
1985,2,69,14.3
1985,2,70,13.7
1985,2,71,13.0
1985,2,72,12.3
1985,2,73,11.7
1985,2,74,11.1
1985,2,75,10.4
1985,2,76,9.9
1985,2,77,9.3
1985,2,78,8.7
1985,2,79,8.2
1985,2,80,7.7
1985,2,81,7.2
1985,2,82,6.7
1985,2,83,6.3
1985,2,84,5.9
1985,2,85,5.5
1985,2,86,5.1
1985,2,87,4.8
1985,2,88,4.5
1985,2,89,4.2
1985,2,90,3.9
1985,1,55,20.6
1985,1,56,19.8
1985,1,57,19.0
1985,1,58,18.2
1985,1,59,17.5
1985,1,60,16.7
1985,1,61,16.0
1985,1,62,15.3
1985,1,63,14.6
1985,1,64,14.0
1985,1,65,13.3
1985,1,66,12.7
1985,1,67,12.1
1985,1,68,11.5
1985,1,69,10.9
1985,1,70,10.3
1985,1,71,9.8
1985,1,72,9.3
1985,1,73,8.8
1985,1,74,8.3
1985,1,75,7.9
1985,1,76,7.4
1985,1,77,7.0
1985,1,78,6.6
1985,1,79,6.2
1985,1,80,5.9
1985,1,81,5.5
1985,1,82,5.2
1985,1,83,4.9
1985,1,84,4.7
1985,1,85,4.4
1985,1,86,4.2
1985,1,87,3.9
1985,1,88,3.7
1985,1,89,3.5
1985,1,90,3.3
1986,2,55,25.6
1986,2,56,24.7
1986,2,57,23.9
1986,2,58,23.0
1986,2,59,22.2
1986,2,60,21.4
1986,2,61,20.6
1986,2,62,19.8
1986,2,63,19.0
1986,2,64,18.2
1986,2,65,17.5
1986,2,66,16.7
1986,2,67,16.0
1986,2,68,15.3
1986,2,69,14.5
1986,2,70,13.9
1986,2,71,13.2
1986,2,72,12.5
1986,2,73,11.9
1986,2,74,11.2
1986,2,75,10.6
1986,2,76,10.0
1986,2,77,9.5
1986,2,78,8.9
1986,2,79,8.4
1986,2,80,7.9
1986,2,81,7.4
1986,2,82,6.9
1986,2,83,6.5
1986,2,84,6.0
1986,2,85,5.6
1986,2,86,5.3
1986,2,87,4.9
1986,2,88,4.6
1986,2,89,4.3
1986,2,90,4.0
1986,1,55,20.8
1986,1,56,20.0
1986,1,57,19.2
1986,1,58,18.4
1986,1,59,17.7
1986,1,60,16.9
1986,1,61,16.2
1986,1,62,15.5
1986,1,63,14.8
1986,1,64,14.2
1986,1,65,13.5
1986,1,66,12.9
1986,1,67,12.3
1986,1,68,11.7
1986,1,69,11.1
1986,1,70,10.5
1986,1,71,10.0
1986,1,72,9.5
1986,1,73,9.0
1986,1,74,8.5
1986,1,75,8.0
1986,1,76,7.6
1986,1,77,7.2
1986,1,78,6.8
1986,1,79,6.4
1986,1,80,6.1
1986,1,81,5.7
1986,1,82,5.4
1986,1,83,5.1
1986,1,84,4.8
1986,1,85,4.5
1986,1,86,4.3
1986,1,87,4.1
1986,1,88,3.8
1986,1,89,3.7
1986,1,90,3.4
1987,2,55,25.8
1987,2,56,25.0
1987,2,57,24.1
1987,2,58,23.3
1987,2,59,22.4
1987,2,60,21.6
1987,2,61,20.8
1987,2,62,20.0
1987,2,63,19.3
1987,2,64,18.5
1987,2,65,17.7
1987,2,66,17.0
1987,2,67,16.3
1987,2,68,15.5
1987,2,69,14.8
1987,2,70,14.1
1987,2,71,13.5
1987,2,72,12.8
1987,2,73,12.1
1987,2,74,11.5
1987,2,75,10.9
1987,2,76,10.3
1987,2,77,9.7
1987,2,78,9.2
1987,2,79,8.6
1987,2,80,8.1
1987,2,81,7.6
1987,2,82,7.1
1987,2,83,6.7
1987,2,84,6.3
1987,2,85,5.9
1987,2,86,5.5
1987,2,87,5.2
1987,2,88,4.8
1987,2,89,4.5
1987,2,90,4.2
1987,1,55,21.1
1987,1,56,20.3
1987,1,57,19.5
1987,1,58,18.8
1987,1,59,18.0
1987,1,60,17.3
1987,1,61,16.5
1987,1,62,15.8
1987,1,63,15.1
1987,1,64,14.5
1987,1,65,13.8
1987,1,66,13.2
1987,1,67,12.6
1987,1,68,12.0
1987,1,69,11.4
1987,1,70,10.8
1987,1,71,10.3
1987,1,72,9.8
1987,1,73,9.3
1987,1,74,8.8
1987,1,75,8.3
1987,1,76,7.9
1987,1,77,7.5
1987,1,78,7.1
1987,1,79,6.7
1987,1,80,6.3
1987,1,81,6.0
1987,1,82,5.6
1987,1,83,5.3
1987,1,84,5.0
1987,1,85,4.8
1987,1,86,4.5
1987,1,87,4.3
1987,1,88,4.1
1987,1,89,3.9
1987,1,90,3.7
1988,2,55,25.9
1988,2,56,25.0
1988,2,57,24.1
1988,2,58,23.3
1988,2,59,22.5
1988,2,60,21.6
1988,2,61,20.8
1988,2,62,20.0
1988,2,63,19.3
1988,2,64,18.5
1988,2,65,17.7
1988,2,66,17.0
1988,2,67,16.3
1988,2,68,15.5
1988,2,69,14.8
1988,2,70,14.1
1988,2,71,13.4
1988,2,72,12.8
1988,2,73,12.1
1988,2,74,11.5
1988,2,75,10.9
1988,2,76,10.3
1988,2,77,9.7
1988,2,78,9.1
1988,2,79,8.6
1988,2,80,8.1
1988,2,81,7.6
1988,2,82,7.1
1988,2,83,6.6
1988,2,84,6.2
1988,2,85,5.8
1988,2,86,5.4
1988,2,87,5.1
1988,2,88,4.8
1988,2,89,4.4
1988,2,90,4.2
1988,1,55,21.3
1988,1,56,20.5
1988,1,57,19.7
1988,1,58,18.9
1988,1,59,18.1
1988,1,60,17.3
1988,1,61,16.6
1988,1,62,15.9
1988,1,63,15.2
1988,1,64,14.5
1988,1,65,13.9
1988,1,66,13.3
1988,1,67,12.6
1988,1,68,12.0
1988,1,69,11.4
1988,1,70,10.9
1988,1,71,10.3
1988,1,72,9.8
1988,1,73,9.3
1988,1,74,8.8
1988,1,75,8.3
1988,1,76,7.9
1988,1,77,7.4
1988,1,78,7.0
1988,1,79,6.6
1988,1,80,6.3
1988,1,81,5.9
1988,1,82,5.6
1988,1,83,5.3
1988,1,84,5.0
1988,1,85,4.7
1988,1,86,4.5
1988,1,87,4.2
1988,1,88,4.0
1988,1,89,3.8
1988,1,90,3.6
1989,2,55,25.9
1989,2,56,25.0
1989,2,57,24.2
1989,2,58,23.3
1989,2,59,22.5
1989,2,60,21.6
1989,2,61,20.8
1989,2,62,20.0
1989,2,63,19.2
1989,2,64,18.5
1989,2,65,17.7
1989,2,66,17.0
1989,2,67,16.2
1989,2,68,15.5
1989,2,69,14.8
1989,2,70,14.1
1989,2,71,13.4
1989,2,72,12.8
1989,2,73,12.1
1989,2,74,11.5
1989,2,75,10.9
1989,2,76,10.3
1989,2,77,9.7
1989,2,78,9.1
1989,2,79,8.6
1989,2,80,8.0
1989,2,81,7.6
1989,2,82,7.1
1989,2,83,6.6
1989,2,84,6.2
1989,2,85,5.8
1989,2,86,5.4
1989,2,87,5.0
1989,2,88,4.7
1989,2,89,4.4
1989,2,90,4.1
1989,1,55,21.5
1989,1,56,20.6
1989,1,57,19.8
1989,1,58,19.0
1989,1,59,18.2
1989,1,60,17.5
1989,1,61,16.7
1989,1,62,16.0
1989,1,63,15.3
1989,1,64,14.6
1989,1,65,14.0
1989,1,66,13.3
1989,1,67,12.7
1989,1,68,12.1
1989,1,69,11.5
1989,1,70,10.9
1989,1,71,10.3
1989,1,72,9.8
1989,1,73,9.3
1989,1,74,8.8
1989,1,75,8.3
1989,1,76,7.8
1989,1,77,7.4
1989,1,78,7.0
1989,1,79,6.6
1989,1,80,6.2
1989,1,81,5.9
1989,1,82,5.5
1989,1,83,5.2
1989,1,84,4.9
1989,1,85,4.6
1989,1,86,4.4
1989,1,87,4.1
1989,1,88,3.9
1989,1,89,3.7
1989,1,90,3.5
1990,2,55,26.2
1990,2,56,25.3
1990,2,57,24.5
1990,2,58,23.6
1990,2,59,22.8
1990,2,60,21.9
1990,2,61,21.1
1990,2,62,20.3
1990,2,63,19.5
1990,2,64,18.7
1990,2,65,18.0
1990,2,66,17.2
1990,2,67,16.5
1990,2,68,15.8
1990,2,69,15.1
1990,2,70,14.4
1990,2,71,13.7
1990,2,72,13.0
1990,2,73,12.3
1990,2,74,11.7
1990,2,75,11.1
1990,2,76,10.5
1990,2,77,9.9
1990,2,78,9.3
1990,2,79,8.8
1990,2,80,8.3
1990,2,81,7.7
1990,2,82,7.3
1990,2,83,6.8
1990,2,84,6.4
1990,2,85,6.0
1990,2,86,5.6
1990,2,87,5.2
1990,2,88,4.9
1990,2,89,4.5
1990,2,90,4.2
1990,1,55,21.7
1990,1,56,20.9
1990,1,57,20.0
1990,1,58,19.2
1990,1,59,18.5
1990,1,60,17.7
1990,1,61,16.9
1990,1,62,16.2
1990,1,63,15.5
1990,1,64,14.8
1990,1,65,14.1
1990,1,66,13.5
1990,1,67,12.9
1990,1,68,12.3
1990,1,69,11.7
1990,1,70,11.1
1990,1,71,10.5
1990,1,72,10.0
1990,1,73,9.5
1990,1,74,9.0
1990,1,75,8.5
1990,1,76,8.0
1990,1,77,7.6
1990,1,78,7.1
1990,1,79,6.7
1990,1,80,6.4
1990,1,81,6.0
1990,1,82,5.7
1990,1,83,5.3
1990,1,84,5.0
1990,1,85,4.7
1990,1,86,4.5
1990,1,87,4.2
1990,1,88,4.0
1990,1,89,3.7
1990,1,90,3.5
1991,2,55,26.2
1991,2,56,25.3
1991,2,57,24.5
1991,2,58,23.6
1991,2,59,22.7
1991,2,60,21.9
1991,2,61,21.1
1991,2,62,20.3
1991,2,63,19.5
1991,2,64,18.7
1991,2,65,17.9
1991,2,66,17.2
1991,2,67,16.4
1991,2,68,15.7
1991,2,69,15.0
1991,2,70,14.3
1991,2,71,13.6
1991,2,72,12.9
1991,2,73,12.3
1991,2,74,11.6
1991,2,75,11.0
1991,2,76,10.4
1991,2,77,9.8
1991,2,78,9.2
1991,2,79,8.7
1991,2,80,8.2
1991,2,81,7.7
1991,2,82,7.2
1991,2,83,6.7
1991,2,84,6.3
1991,2,85,5.9
1991,2,86,5.5
1991,2,87,5.1
1991,2,88,4.8
1991,2,89,4.4
1991,2,90,4.1
1991,1,55,21.8
1991,1,56,21.0
1991,1,57,20.2
1991,1,58,19.4
1991,1,59,18.6
1991,1,60,17.8
1991,1,61,17.0
1991,1,62,16.3
1991,1,63,15.6
1991,1,64,14.9
1991,1,65,14.2
1991,1,66,13.6
1991,1,67,12.9
1991,1,68,12.3
1991,1,69,11.7
1991,1,70,11.1
1991,1,71,10.6
1991,1,72,10.0
1991,1,73,9.5
1991,1,74,9.0
1991,1,75,8.5
1991,1,76,8.0
1991,1,77,7.6
1991,1,78,7.1
1991,1,79,6.7
1991,1,80,6.3
1991,1,81,6.0
1991,1,82,5.6
1991,1,83,5.3
1991,1,84,4.9
1991,1,85,4.7
1991,1,86,4.4
1991,1,87,4.1
1991,1,88,3.9
1991,1,89,3.6
1991,1,90,3.4
1992,2,55,26.5
1992,2,56,25.6
1992,2,57,24.7
1992,2,58,23.9
1992,2,59,23.0
1992,2,60,22.2
1992,2,61,21.3
1992,2,62,20.5
1992,2,63,19.7
1992,2,64,18.9
1992,2,65,18.2
1992,2,66,17.4
1992,2,67,16.7
1992,2,68,15.9
1992,2,69,15.2
1992,2,70,14.5
1992,2,71,13.8
1992,2,72,13.2
1992,2,73,12.5
1992,2,74,11.9
1992,2,75,11.2
1992,2,76,10.6
1992,2,77,10.0
1992,2,78,9.5
1992,2,79,8.9
1992,2,80,8.4
1992,2,81,7.9
1992,2,82,7.4
1992,2,83,6.9
1992,2,84,6.5
1992,2,85,6.1
1992,2,86,5.7
1992,2,87,5.3
1992,2,88,5.0
1992,2,89,4.6
1992,2,90,4.3
1992,1,55,22.1
1992,1,56,21.3
1992,1,57,20.4
1992,1,58,19.6
1992,1,59,18.8
1992,1,60,18.1
1992,1,61,17.3
1992,1,62,16.6
1992,1,63,15.8
1992,1,64,15.1
1992,1,65,14.4
1992,1,66,13.8
1992,1,67,13.1
1992,1,68,12.5
1992,1,69,11.9
1992,1,70,11.3
1992,1,71,10.8
1992,1,72,10.2
1992,1,73,9.7
1992,1,74,9.2
1992,1,75,8.7
1992,1,76,8.2
1992,1,77,7.7
1992,1,78,7.3
1992,1,79,6.9
1992,1,80,6.5
1992,1,81,6.1
1992,1,82,5.8
1992,1,83,5.4
1992,1,84,5.1
1992,1,85,4.8
1992,1,86,4.5
1992,1,87,4.3
1992,1,88,4.0
1992,1,89,3.8
1992,1,90,3.6
1993,2,55,26.3
1993,2,56,25.4
1993,2,57,24.6
1993,2,58,23.7
1993,2,59,22.8
1993,2,60,22.0
1993,2,61,21.2
1993,2,62,20.4
1993,2,63,19.6
1993,2,64,18.8
1993,2,65,18.0
1993,2,66,17.2
1993,2,67,16.5
1993,2,68,15.7
1993,2,69,15.0
1993,2,70,14.3
1993,2,71,13.6
1993,2,72,13.0
1993,2,73,12.3
1993,2,74,11.7
1993,2,75,11.0
1993,2,76,10.4
1993,2,77,9.8
1993,2,78,9.3
1993,2,79,8.7
1993,2,80,8.2
1993,2,81,7.7
1993,2,82,7.2
1993,2,83,6.7
1993,2,84,6.3
1993,2,85,5.9
1993,2,86,5.5
1993,2,87,5.1
1993,2,88,4.7
1993,2,89,4.4
1993,2,90,4.1
1993,1,55,22.0
1993,1,56,21.2
1993,1,57,20.4
1993,1,58,19.6
1993,1,59,18.8
1993,1,60,18.0
1993,1,61,17.2
1993,1,62,16.5
1993,1,63,15.7
1993,1,64,15.0
1993,1,65,14.3
1993,1,66,13.7
1993,1,67,13.0
1993,1,68,12.4
1993,1,69,11.8
1993,1,70,11.2
1993,1,71,10.6
1993,1,72,10.1
1993,1,73,9.6
1993,1,74,9.1
1993,1,75,8.5
1993,1,76,8.1
1993,1,77,7.6
1993,1,78,7.2
1993,1,79,6.8
1993,1,80,6.4
1993,1,81,6.0
1993,1,82,5.6
1993,1,83,5.3
1993,1,84,4.9
1993,1,85,4.6
1993,1,86,4.4
1993,1,87,4.1
1993,1,88,3.9
1993,1,89,3.6
1993,1,90,3.4
1994,2,55,26.8
1994,2,56,25.9
1994,2,57,25.0
1994,2,58,24.2
1994,2,59,23.3
1994,2,60,22.5
1994,2,61,21.6
1994,2,62,20.8
1994,2,63,20.0
1994,2,64,19.2
1994,2,65,18.4
1994,2,66,17.6
1994,2,67,16.9
1994,2,68,16.1
1994,2,69,15.4
1994,2,70,14.7
1994,2,71,14.0
1994,2,72,13.3
1994,2,73,12.7
1994,2,74,12.0
1994,2,75,11.4
1994,2,76,10.8
1994,2,77,10.2
1994,2,78,9.6
1994,2,79,9.0
1994,2,80,8.5
1994,2,81,8.0
1994,2,82,7.5
1994,2,83,7.0
1994,2,84,6.5
1994,2,85,6.1
1994,2,86,5.7
1994,2,87,5.3
1994,2,88,5.0
1994,2,89,4.7
1994,2,90,4.3
1994,1,55,22.5
1994,1,56,21.7
1994,1,57,20.9
1994,1,58,20.1
1994,1,59,19.2
1994,1,60,18.5
1994,1,61,17.7
1994,1,62,16.9
1994,1,63,16.2
1994,1,64,15.5
1994,1,65,14.8
1994,1,66,14.1
1994,1,67,13.4
1994,1,68,12.8
1994,1,69,12.2
1994,1,70,11.6
1994,1,71,11.0
1994,1,72,10.4
1994,1,73,9.9
1994,1,74,9.4
1994,1,75,8.9
1994,1,76,8.4
1994,1,77,7.9
1994,1,78,7.4
1994,1,79,7.0
1994,1,80,6.6
1994,1,81,6.2
1994,1,82,5.9
1994,1,83,5.5
1994,1,84,5.2
1994,1,85,4.9
1994,1,86,4.6
1994,1,87,4.3
1994,1,88,4.1
1994,1,89,3.8
1994,1,90,3.6
1995,2,55,26.7
1995,2,56,25.8
1995,2,57,25.0
1995,2,58,24.1
1995,2,59,23.2
1995,2,60,22.4
1995,2,61,21.5
1995,2,62,20.7
1995,2,63,19.9
1995,2,64,19.1
1995,2,65,18.3
1995,2,66,17.5
1995,2,67,16.8
1995,2,68,16.0
1995,2,69,15.3
1995,2,70,14.6
1995,2,71,13.9
1995,2,72,13.2
1995,2,73,12.5
1995,2,74,11.9
1995,2,75,11.3
1995,2,76,10.7
1995,2,77,10.1
1995,2,78,9.5
1995,2,79,8.9
1995,2,80,8.4
1995,2,81,7.8
1995,2,82,7.4
1995,2,83,6.9
1995,2,84,6.4
1995,2,85,6.0
1995,2,86,5.6
1995,2,87,5.2
1995,2,88,4.8
1995,2,89,4.5
1995,2,90,4.2
1995,1,55,22.5
1995,1,56,21.7
1995,1,57,20.9
1995,1,58,20.1
1995,1,59,19.2
1995,1,60,18.5
1995,1,61,17.7
1995,1,62,16.9
1995,1,63,16.2
1995,1,64,15.4
1995,1,65,14.7
1995,1,66,14.0
1995,1,67,13.4
1995,1,68,12.7
1995,1,69,12.1
1995,1,70,11.5
1995,1,71,10.9
1995,1,72,10.4
1995,1,73,9.8
1995,1,74,9.3
1995,1,75,8.8
1995,1,76,8.3
1995,1,77,7.8
1995,1,78,7.4
1995,1,79,6.9
1995,1,80,6.5
1995,1,81,6.1
1995,1,82,5.8
1995,1,83,5.4
1995,1,84,5.1
1995,1,85,4.8
1995,1,86,4.5
1995,1,87,4.2
1995,1,88,4.0
1995,1,89,3.7
1995,1,90,3.5
1996,2,55,26.8
1996,2,56,25.9
1996,2,57,25.0
1996,2,58,24.2
1996,2,59,23.3
1996,2,60,22.5
1996,2,61,21.6
1996,2,62,20.8
1996,2,63,20.0
1996,2,64,19.2
1996,2,65,18.4
1996,2,66,17.6
1996,2,67,16.8
1996,2,68,16.1
1996,2,69,15.3
1996,2,70,14.6
1996,2,71,13.9
1996,2,72,13.2
1996,2,73,12.6
1996,2,74,11.9
1996,2,75,11.3
1996,2,76,10.7
1996,2,77,10.1
1996,2,78,9.5
1996,2,79,8.9
1996,2,80,8.4
1996,2,81,7.9
1996,2,82,7.4
1996,2,83,6.9
1996,2,84,6.4
1996,2,85,6.0
1996,2,86,5.6
1996,2,87,5.2
1996,2,88,4.9
1996,2,89,4.5
1996,2,90,4.2
1996,1,55,22.7
1996,1,56,21.9
1996,1,57,21.1
1996,1,58,20.3
1996,1,59,19.4
1996,1,60,18.7
1996,1,61,17.9
1996,1,62,17.1
1996,1,63,16.4
1996,1,64,15.6
1996,1,65,14.9
1996,1,66,14.2
1996,1,67,13.6
1996,1,68,12.9
1996,1,69,12.3
1996,1,70,11.6
1996,1,71,11.1
1996,1,72,10.5
1996,1,73,9.9
1996,1,74,9.4
1996,1,75,8.9
1996,1,76,8.4
1996,1,77,8.0
1996,1,78,7.5
1996,1,79,7.0
1996,1,80,6.6
1996,1,81,6.2
1996,1,82,5.8
1996,1,83,5.5
1996,1,84,5.1
1996,1,85,4.8
1996,1,86,4.5
1996,1,87,4.2
1996,1,88,4.0
1996,1,89,3.7
1996,1,90,3.5
1997,2,55,26.9
1997,2,56,26.0
1997,2,57,25.2
1997,2,58,24.3
1997,2,59,23.4
1997,2,60,22.6
1997,2,61,21.7
1997,2,62,20.9
1997,2,63,20.1
1997,2,64,19.3
1997,2,65,18.5
1997,2,66,17.7
1997,2,67,16.9
1997,2,68,16.2
1997,2,69,15.4
1997,2,70,14.7
1997,2,71,14.0
1997,2,72,13.3
1997,2,73,12.6
1997,2,74,12.0
1997,2,75,11.3
1997,2,76,10.7
1997,2,77,10.1
1997,2,78,9.6
1997,2,79,9.0
1997,2,80,8.4
1997,2,81,7.9
1997,2,82,7.4
1997,2,83,6.9
1997,2,84,6.5
1997,2,85,6.0
1997,2,86,5.6
1997,2,87,5.2
1997,2,88,4.9
1997,2,89,4.5
1997,2,90,4.2
1997,1,55,23.0
1997,1,56,22.2
1997,1,57,21.3
1997,1,58,20.5
1997,1,59,19.7
1997,1,60,18.9
1997,1,61,18.1
1997,1,62,17.4
1997,1,63,16.6
1997,1,64,15.9
1997,1,65,15.1
1997,1,66,14.4
1997,1,67,13.8
1997,1,68,13.1
1997,1,69,12.5
1997,1,70,11.8
1997,1,71,11.2
1997,1,72,10.6
1997,1,73,10.1
1997,1,74,9.5
1997,1,75,9.0
1997,1,76,8.5
1997,1,77,8.1
1997,1,78,7.6
1997,1,79,7.1
1997,1,80,6.7
1997,1,81,6.3
1997,1,82,5.9
1997,1,83,5.5
1997,1,84,5.2
1997,1,85,4.9
1997,1,86,4.6
1997,1,87,4.3
1997,1,88,4.0
1997,1,89,3.8
1997,1,90,3.6
1998,2,55,27.1
1998,2,56,26.2
1998,2,57,25.4
1998,2,58,24.5
1998,2,59,23.6
1998,2,60,22.8
1998,2,61,21.9
1998,2,62,21.1
1998,2,63,20.3
1998,2,64,19.4
1998,2,65,18.6
1998,2,66,17.8
1998,2,67,17.1
1998,2,68,16.3
1998,2,69,15.6
1998,2,70,14.8
1998,2,71,14.1
1998,2,72,13.4
1998,2,73,12.8
1998,2,74,12.1
1998,2,75,11.5
1998,2,76,10.8
1998,2,77,10.2
1998,2,78,9.6
1998,2,79,9.1
1998,2,80,8.5
1998,2,81,8.0
1998,2,82,7.5
1998,2,83,7.0
1998,2,84,6.5
1998,2,85,6.1
1998,2,86,5.7
1998,2,87,5.3
1998,2,88,4.9
1998,2,89,4.6
1998,2,90,4.3
1998,1,55,23.2
1998,1,56,22.4
1998,1,57,21.6
1998,1,58,20.7
1998,1,59,19.9
1998,1,60,19.1
1998,1,61,18.3
1998,1,62,17.6
1998,1,63,16.8
1998,1,64,16.1
1998,1,65,15.3
1998,1,66,14.6
1998,1,67,13.9
1998,1,68,13.3
1998,1,69,12.6
1998,1,70,12.0
1998,1,71,11.4
1998,1,72,10.8
1998,1,73,10.2
1998,1,74,9.7
1998,1,75,9.2
1998,1,76,8.7
1998,1,77,8.2
1998,1,78,7.7
1998,1,79,7.3
1998,1,80,6.8
1998,1,81,6.4
1998,1,82,6.0
1998,1,83,5.6
1998,1,84,5.3
1998,1,85,5.0
1998,1,86,4.7
1998,1,87,4.4
1998,1,88,4.1
1998,1,89,3.9
1998,1,90,3.7
1999,2,55,27.2
1999,2,56,26.3
1999,2,57,25.4
1999,2,58,24.6
1999,2,59,23.7
1999,2,60,22.8
1999,2,61,22.0
1999,2,62,21.2
1999,2,63,20.3
1999,2,64,19.5
1999,2,65,18.7
1999,2,66,17.9
1999,2,67,17.1
1999,2,68,16.4
1999,2,69,15.6
1999,2,70,14.9
1999,2,71,14.1
1999,2,72,13.4
1999,2,73,12.8
1999,2,74,12.1
1999,2,75,11.5
1999,2,76,10.8
1999,2,77,10.2
1999,2,78,9.6
1999,2,79,9.1
1999,2,80,8.5
1999,2,81,7.9
1999,2,82,7.4
1999,2,83,6.9
1999,2,84,6.5
1999,2,85,6.0
1999,2,86,5.6
1999,2,87,5.2
1999,2,88,4.9
1999,2,89,4.5
1999,2,90,4.2
1999,1,55,23.4
1999,1,56,22.6
1999,1,57,21.8
1999,1,58,20.9
1999,1,59,20.1
1999,1,60,19.3
1999,1,61,18.5
1999,1,62,17.8
1999,1,63,17.0
1999,1,64,16.2
1999,1,65,15.5
1999,1,66,14.8
1999,1,67,14.1
1999,1,68,13.4
1999,1,69,12.8
1999,1,70,12.1
1999,1,71,11.5
1999,1,72,10.9
1999,1,73,10.3
1999,1,74,9.8
1999,1,75,9.2
1999,1,76,8.7
1999,1,77,8.2
1999,1,78,7.8
1999,1,79,7.3
1999,1,80,6.9
1999,1,81,6.4
1999,1,82,6.0
1999,1,83,5.6
1999,1,84,5.3
1999,1,85,5.0
1999,1,86,4.7
1999,1,87,4.4
1999,1,88,4.1
1999,1,89,3.9
1999,1,90,3.6
2000,2,55,27.6
2000,2,56,26.7
2000,2,57,25.8
2000,2,58,24.9
2000,2,59,24.1
2000,2,60,23.2
2000,2,61,22.3
2000,2,62,21.5
2000,2,63,20.7
2000,2,64,19.8
2000,2,65,19.0
2000,2,66,18.2
2000,2,67,17.4
2000,2,68,16.7
2000,2,69,15.9
2000,2,70,15.2
2000,2,71,14.4
2000,2,72,13.7
2000,2,73,13.0
2000,2,74,12.3
2000,2,75,11.7
2000,2,76,11.1
2000,2,77,10.4
2000,2,78,9.8
2000,2,79,9.3
2000,2,80,8.7
2000,2,81,8.2
2000,2,82,7.6
2000,2,83,7.1
2000,2,84,6.6
2000,2,85,6.2
2000,2,86,5.8
2000,2,87,5.4
2000,2,88,5.0
2000,2,89,4.7
2000,2,90,4.3
2000,1,55,23.8
2000,1,56,22.9
2000,1,57,22.1
2000,1,58,21.3
2000,1,59,20.5
2000,1,60,19.7
2000,1,61,18.9
2000,1,62,18.1
2000,1,63,17.3
2000,1,64,16.6
2000,1,65,15.8
2000,1,66,15.1
2000,1,67,14.4
2000,1,68,13.7
2000,1,69,13.0
2000,1,70,12.4
2000,1,71,11.8
2000,1,72,11.1
2000,1,73,10.6
2000,1,74,10.0
2000,1,75,9.5
2000,1,76,8.9
2000,1,77,8.4
2000,1,78,7.9
2000,1,79,7.5
2000,1,80,7.0
2000,1,81,6.6
2000,1,82,6.2
2000,1,83,5.8
2000,1,84,5.4
2000,1,85,5.1
2000,1,86,4.8
2000,1,87,4.5
2000,1,88,4.2
2000,1,89,3.9
2000,1,90,3.7
2001,2,55,27.8
2001,2,56,26.9
2001,2,57,26.0
2001,2,58,25.1
2001,2,59,24.2
2001,2,60,23.4
2001,2,61,22.5
2001,2,62,21.7
2001,2,63,20.8
2001,2,64,20.0
2001,2,65,19.2
2001,2,66,18.4
2001,2,67,17.6
2001,2,68,16.8
2001,2,69,16.0
2001,2,70,15.3
2001,2,71,14.6
2001,2,72,13.8
2001,2,73,13.1
2001,2,74,12.5
2001,2,75,11.8
2001,2,76,11.1
2001,2,77,10.5
2001,2,78,9.9
2001,2,79,9.3
2001,2,80,8.8
2001,2,81,8.2
2001,2,82,7.7
2001,2,83,7.2
2001,2,84,6.7
2001,2,85,6.2
2001,2,86,5.8
2001,2,87,5.4
2001,2,88,5.1
2001,2,89,4.7
2001,2,90,4.4
2001,1,55,24.1
2001,1,56,23.3
2001,1,57,22.4
2001,1,58,21.6
2001,1,59,20.8
2001,1,60,20.0
2001,1,61,19.2
2001,1,62,18.4
2001,1,63,17.6
2001,1,64,16.9
2001,1,65,16.1
2001,1,66,15.4
2001,1,67,14.7
2001,1,68,14.0
2001,1,69,13.3
2001,1,70,12.6
2001,1,71,12.0
2001,1,72,11.3
2001,1,73,10.7
2001,1,74,10.2
2001,1,75,9.6
2001,1,76,9.1
2001,1,77,8.6
2001,1,78,8.1
2001,1,79,7.6
2001,1,80,7.2
2001,1,81,6.7
2001,1,82,6.3
2001,1,83,5.9
2001,1,84,5.5
2001,1,85,5.1
2001,1,86,4.9
2001,1,87,4.6
2001,1,88,4.3
2001,1,89,4.0
2001,1,90,3.8
2002,2,55,27.8
2002,2,56,26.9
2002,2,57,26.0
2002,2,58,25.2
2002,2,59,24.3
2002,2,60,23.4
2002,2,61,22.6
2002,2,62,21.7
2002,2,63,20.9
2002,2,64,20.1
2002,2,65,19.2
2002,2,66,18.4
2002,2,67,17.6
2002,2,68,16.8
2002,2,69,16.1
2002,2,70,15.3
2002,2,71,14.5
2002,2,72,13.8
2002,2,73,13.1
2002,2,74,12.4
2002,2,75,11.8
2002,2,76,11.1
2002,2,77,10.5
2002,2,78,9.9
2002,2,79,9.3
2002,2,80,8.7
2002,2,81,8.2
2002,2,82,7.7
2002,2,83,7.2
2002,2,84,6.6
2002,2,85,6.2
2002,2,86,5.8
2002,2,87,5.4
2002,2,88,5.0
2002,2,89,4.6
2002,2,90,4.3
2002,1,55,24.3
2002,1,56,23.4
2002,1,57,22.6
2002,1,58,21.7
2002,1,59,20.9
2002,1,60,20.1
2002,1,61,19.3
2002,1,62,18.5
2002,1,63,17.7
2002,1,64,17.0
2002,1,65,16.2
2002,1,66,15.5
2002,1,67,14.8
2002,1,68,14.1
2002,1,69,13.4
2002,1,70,12.7
2002,1,71,12.1
2002,1,72,11.4
2002,1,73,10.8
2002,1,74,10.2
2002,1,75,9.7
2002,1,76,9.1
2002,1,77,8.6
2002,1,78,8.1
2002,1,79,7.6
2002,1,80,7.2
2002,1,81,6.7
2002,1,82,6.3
2002,1,83,6.0
2002,1,84,5.5
2002,1,85,5.1
2002,1,86,4.8
2002,1,87,4.5
2002,1,88,4.2
2002,1,89,4.0
2002,1,90,3.7
2003,2,55,27.8
2003,2,56,27.0
2003,2,57,26.1
2003,2,58,25.2
2003,2,59,24.3
2003,2,60,23.4
2003,2,61,22.6
2003,2,62,21.7
2003,2,63,20.9
2003,2,64,20.1
2003,2,65,19.2
2003,2,66,18.4
2003,2,67,17.6
2003,2,68,16.8
2003,2,69,16.1
2003,2,70,15.3
2003,2,71,14.5
2003,2,72,13.8
2003,2,73,13.1
2003,2,74,12.4
2003,2,75,11.7
2003,2,76,11.1
2003,2,77,10.4
2003,2,78,9.8
2003,2,79,9.2
2003,2,80,8.6
2003,2,81,8.1
2003,2,82,7.6
2003,2,83,7.1
2003,2,84,6.6
2003,2,85,6.1
2003,2,86,5.7
2003,2,87,5.3
2003,2,88,4.9
2003,2,89,4.6
2003,2,90,4.2
2003,1,55,24.4
2003,1,56,23.6
2003,1,57,22.7
2003,1,58,21.9
2003,1,59,21.1
2003,1,60,20.3
2003,1,61,19.5
2003,1,62,18.7
2003,1,63,17.9
2003,1,64,17.2
2003,1,65,16.4
2003,1,66,15.7
2003,1,67,14.9
2003,1,68,14.2
2003,1,69,13.5
2003,1,70,12.9
2003,1,71,12.2
2003,1,72,11.6
2003,1,73,10.9
2003,1,74,10.3
2003,1,75,9.8
2003,1,76,9.2
2003,1,77,8.7
2003,1,78,8.2
2003,1,79,7.7
2003,1,80,7.2
2003,1,81,6.8
2003,1,82,6.3
2003,1,83,5.9
2003,1,84,5.6
2003,1,85,5.2
2003,1,86,4.8
2003,1,87,4.5
2003,1,88,4.2
2003,1,89,4.0
2003,1,90,3.7
2004,2,55,28.3
2004,2,56,27.4
2004,2,57,26.5
2004,2,58,25.7
2004,2,59,24.8
2004,2,60,23.9
2004,2,61,23.1
2004,2,62,22.2
2004,2,63,21.4
2004,2,64,20.5
2004,2,65,19.7
2004,2,66,18.9
2004,2,67,18.1
2004,2,68,17.3
2004,2,69,16.5
2004,2,70,15.7
2004,2,71,15.0
2004,2,72,14.2
2004,2,73,13.5
2004,2,74,12.8
2004,2,75,12.1
2004,2,76,11.5
2004,2,77,10.8
2004,2,78,10.2
2004,2,79,9.6
2004,2,80,9.0
2004,2,81,8.4
2004,2,82,7.9
2004,2,83,7.4
2004,2,84,6.9
2004,2,85,6.4
2004,2,86,5.9
2004,2,87,5.5
2004,2,88,5.1
2004,2,89,4.8
2004,2,90,4.5
2004,1,55,24.9
2004,1,56,24.1
2004,1,57,23.2
2004,1,58,22.4
2004,1,59,21.5
2004,1,60,20.7
2004,1,61,19.9
2004,1,62,19.1
2004,1,63,18.3
2004,1,64,17.5
2004,1,65,16.8
2004,1,66,16.1
2004,1,67,15.3
2004,1,68,14.6
2004,1,69,13.9
2004,1,70,13.2
2004,1,71,12.6
2004,1,72,11.9
2004,1,73,11.3
2004,1,74,10.7
2004,1,75,10.1
2004,1,76,9.5
2004,1,77,9.0
2004,1,78,8.4
2004,1,79,7.9
2004,1,80,7.5
2004,1,81,7.0
2004,1,82,6.6
2004,1,83,6.2
2004,1,84,5.8
2004,1,85,5.5
2004,1,86,5.0
2004,1,87,4.7
2004,1,88,4.4
2004,1,89,4.2
2004,1,90,3.9
2005,2,55,28.4
2005,2,56,27.5
2005,2,57,26.7
2005,2,58,25.8
2005,2,59,24.9
2005,2,60,24.0
2005,2,61,23.2
2005,2,62,22.3
2005,2,63,21.5
2005,2,64,20.6
2005,2,65,19.8
2005,2,66,19.0
2005,2,67,18.2
2005,2,68,17.4
2005,2,69,16.6
2005,2,70,15.8
2005,2,71,15.1
2005,2,72,14.3
2005,2,73,13.6
2005,2,74,12.9
2005,2,75,12.2
2005,2,76,11.5
2005,2,77,10.8
2005,2,78,10.2
2005,2,79,9.6
2005,2,80,9.0
2005,2,81,8.4
2005,2,82,7.9
2005,2,83,7.4
2005,2,84,6.9
2005,2,85,6.4
2005,2,86,6.0
2005,2,87,5.5
2005,2,88,5.1
2005,2,89,4.7
2005,2,90,4.4
2005,1,55,25.2
2005,1,56,24.3
2005,1,57,23.4
2005,1,58,22.6
2005,1,59,21.8
2005,1,60,20.9
2005,1,61,20.1
2005,1,62,19.3
2005,1,63,18.5
2005,1,64,17.8
2005,1,65,17.0
2005,1,66,16.3
2005,1,67,15.5
2005,1,68,14.8
2005,1,69,14.1
2005,1,70,13.4
2005,1,71,12.7
2005,1,72,12.1
2005,1,73,11.4
2005,1,74,10.8
2005,1,75,10.2
2005,1,76,9.6
2005,1,77,9.1
2005,1,78,8.5
2005,1,79,8.0
2005,1,80,7.5
2005,1,81,7.1
2005,1,82,6.6
2005,1,83,6.2
2005,1,84,5.8
2005,1,85,5.4
2005,1,86,5.1
2005,1,87,4.7
2005,1,88,4.4
2005,1,89,4.1
2005,1,90,3.9
2006,2,55,28.7
2006,2,56,27.8
2006,2,57,27.0
2006,2,58,26.1
2006,2,59,25.2
2006,2,60,24.3
2006,2,61,23.5
2006,2,62,22.6
2006,2,63,21.8
2006,2,64,20.9
2006,2,65,20.1
2006,2,66,19.3
2006,2,67,18.5
2006,2,68,17.7
2006,2,69,16.9
2006,2,70,16.1
2006,2,71,15.3
2006,2,72,14.6
2006,2,73,13.8
2006,2,74,13.1
2006,2,75,12.4
2006,2,76,11.7
2006,2,77,11.1
2006,2,78,10.4
2006,2,79,9.8
2006,2,80,9.2
2006,2,81,8.6
2006,2,82,8.1
2006,2,83,7.6
2006,2,84,7.1
2006,2,85,6.6
2006,2,86,6.1
2006,2,87,5.7
2006,2,88,5.3
2006,2,89,4.9
2006,2,90,4.5
2006,1,55,25.4
2006,1,56,24.6
2006,1,57,23.7
2006,1,58,22.9
2006,1,59,22.1
2006,1,60,21.2
2006,1,61,20.4
2006,1,62,19.6
2006,1,63,18.8
2006,1,64,18.1
2006,1,65,17.3
2006,1,66,16.6
2006,1,67,15.8
2006,1,68,15.1
2006,1,69,14.4
2006,1,70,13.7
2006,1,71,13.0
2006,1,72,12.3
2006,1,73,11.7
2006,1,74,11.0
2006,1,75,10.4
2006,1,76,9.8
2006,1,77,9.3
2006,1,78,8.7
2006,1,79,8.2
2006,1,80,7.7
2006,1,81,7.2
2006,1,82,6.8
2006,1,83,6.3
2006,1,84,5.9
2006,1,85,5.6
2006,1,86,5.2
2006,1,87,4.9
2006,1,88,4.5
2006,1,89,4.2
2006,1,90,3.9
2007,2,55,28.8
2007,2,56,28.0
2007,2,57,27.1
2007,2,58,26.2
2007,2,59,25.3
2007,2,60,24.4
2007,2,61,23.6
2007,2,62,22.7
2007,2,63,21.8
2007,2,64,21.0
2007,2,65,20.2
2007,2,66,19.4
2007,2,67,18.5
2007,2,68,17.7
2007,2,69,16.9
2007,2,70,16.2
2007,2,71,15.4
2007,2,72,14.6
2007,2,73,13.9
2007,2,74,13.2
2007,2,75,12.5
2007,2,76,11.8
2007,2,77,11.1
2007,2,78,10.5
2007,2,79,9.8
2007,2,80,9.2
2007,2,81,8.6
2007,2,82,8.1
2007,2,83,7.6
2007,2,84,7.1
2007,2,85,6.6
2007,2,86,6.1
2007,2,87,5.7
2007,2,88,5.3
2007,2,89,4.9
2007,2,90,4.5
2007,1,55,25.7
2007,1,56,24.8
2007,1,57,24.0
2007,1,58,23.1
2007,1,59,22.3
2007,1,60,21.5
2007,1,61,20.6
2007,1,62,19.8
2007,1,63,19.1
2007,1,64,18.3
2007,1,65,17.5
2007,1,66,16.8
2007,1,67,16.0
2007,1,68,15.3
2007,1,69,14.6
2007,1,70,13.9
2007,1,71,13.2
2007,1,72,12.5
2007,1,73,11.8
2007,1,74,11.2
2007,1,75,10.6
2007,1,76,10.0
2007,1,77,9.4
2007,1,78,8.8
2007,1,79,8.3
2007,1,80,7.8
2007,1,81,7.3
2007,1,82,6.8
2007,1,83,6.4
2007,1,84,6.0
2007,1,85,5.6
2007,1,86,5.2
2007,1,87,4.9
2007,1,88,4.6
2007,1,89,4.2
2007,1,90,3.9
2008,2,55,28.9
2008,2,56,28.0
2008,2,57,27.1
2008,2,58,26.2
2008,2,59,25.3
2008,2,60,24.5
2008,2,61,23.6
2008,2,62,22.8
2008,2,63,21.9
2008,2,64,21.1
2008,2,65,20.2
2008,2,66,19.4
2008,2,67,18.6
2008,2,68,17.8
2008,2,69,17.0
2008,2,70,16.2
2008,2,71,15.4
2008,2,72,14.7
2008,2,73,13.9
2008,2,74,13.2
2008,2,75,12.5
2008,2,76,11.8
2008,2,77,11.1
2008,2,78,10.5
2008,2,79,9.8
2008,2,80,9.2
2008,2,81,8.6
2008,2,82,8.1
2008,2,83,7.5
2008,2,84,7.0
2008,2,85,6.5
2008,2,86,6.1
2008,2,87,5.6
2008,2,88,5.2
2008,2,89,4.9
2008,2,90,4.4
2008,1,55,25.8
2008,1,56,25.0
2008,1,57,24.1
2008,1,58,23.3
2008,1,59,22.4
2008,1,60,21.6
2008,1,61,20.8
2008,1,62,20.0
2008,1,63,19.2
2008,1,64,18.4
2008,1,65,17.6
2008,1,66,16.9
2008,1,67,16.1
2008,1,68,15.4
2008,1,69,14.7
2008,1,70,14.0
2008,1,71,13.3
2008,1,72,12.6
2008,1,73,11.9
2008,1,74,11.3
2008,1,75,10.7
2008,1,76,10.0
2008,1,77,9.5
2008,1,78,8.9
2008,1,79,8.3
2008,1,80,7.8
2008,1,81,7.3
2008,1,82,6.9
2008,1,83,6.4
2008,1,84,6.0
2008,1,85,5.6
2008,1,86,5.2
2008,1,87,4.9
2008,1,88,4.6
2008,1,89,4.3
2008,1,90,3.9
2009,2,55,29.4
2009,2,56,28.5
2009,2,57,27.6
2009,2,58,26.7
2009,2,59,25.8
2009,2,60,25.0
2009,2,61,24.1
2009,2,62,23.2
2009,2,63,22.4
2009,2,64,21.5
2009,2,65,20.7
2009,2,66,19.9
2009,2,67,19.0
2009,2,68,18.2
2009,2,69,17.4
2009,2,70,16.6
2009,2,71,15.9
2009,2,72,15.1
2009,2,73,14.3
2009,2,74,13.6
2009,2,75,12.9
2009,2,76,12.2
2009,2,77,11.5
2009,2,78,10.8
2009,2,79,10.2
2009,2,80,9.6
2009,2,81,9.0
2009,2,82,8.4
2009,2,83,7.8
2009,2,84,7.3
2009,2,85,6.8
2009,2,86,6.4
2009,2,87,5.9
2009,2,88,5.5
2009,2,89,5.1
2009,2,90,4.8
2009,1,55,26.2
2009,1,56,25.3
2009,1,57,24.5
2009,1,58,23.6
2009,1,59,22.8
2009,1,60,22.0
2009,1,61,21.2
2009,1,62,20.4
2009,1,63,19.6
2009,1,64,18.8
2009,1,65,18.0
2009,1,66,17.2
2009,1,67,16.5
2009,1,68,15.7
2009,1,69,15.0
2009,1,70,14.3
2009,1,71,13.6
2009,1,72,12.9
2009,1,73,12.2
2009,1,74,11.6
2009,1,75,10.9
2009,1,76,10.3
2009,1,77,9.7
2009,1,78,9.1
2009,1,79,8.6
2009,1,80,8.0
2009,1,81,7.5
2009,1,82,7.1
2009,1,83,6.6
2009,1,84,6.2
2009,1,85,5.8
2009,1,86,5.4
2009,1,87,5.0
2009,1,88,4.7
2009,1,89,4.4
2009,1,90,4.2
2010,2,55,29.5
2010,2,56,28.6
2010,2,57,27.7
2010,2,58,26.8
2010,2,59,25.9
2010,2,60,25.1
2010,2,61,24.2
2010,2,62,23.3
2010,2,63,22.5
2010,2,64,21.6
2010,2,65,20.8
2010,2,66,19.9
2010,2,67,19.1
2010,2,68,18.3
2010,2,69,17.5
2010,2,70,16.7
2010,2,71,15.9
2010,2,72,15.2
2010,2,73,14.4
2010,2,74,13.7
2010,2,75,12.9
2010,2,76,12.2
2010,2,77,11.5
2010,2,78,10.9
2010,2,79,10.2
2010,2,80,9.6
2010,2,81,9.0
2010,2,82,8.4
2010,2,83,7.8
2010,2,84,7.3
2010,2,85,6.8
2010,2,86,6.3
2010,2,87,5.9
2010,2,88,5.5
2010,2,89,5.1
2010,2,90,4.7
2010,1,55,26.4
2010,1,56,25.5
2010,1,57,24.7
2010,1,58,23.8
2010,1,59,23.0
2010,1,60,22.2
2010,1,61,21.3
2010,1,62,20.5
2010,1,63,19.7
2010,1,64,18.9
2010,1,65,18.1
2010,1,66,17.4
2010,1,67,16.6
2010,1,68,15.9
2010,1,69,15.1
2010,1,70,14.4
2010,1,71,13.7
2010,1,72,13.0
2010,1,73,12.4
2010,1,74,11.7
2010,1,75,11.1
2010,1,76,10.5
2010,1,77,9.8
2010,1,78,9.3
2010,1,79,8.7
2010,1,80,8.2
2010,1,81,7.6
2010,1,82,7.1
2010,1,83,6.7
2010,1,84,6.2
2010,1,85,5.8
2010,1,86,5.4
2010,1,87,5.1
2010,1,88,4.7
2010,1,89,4.4
2010,1,90,4.1
2011,2,55,29.8
2011,2,56,28.9
2011,2,57,28.0
2011,2,58,27.1
2011,2,59,26.2
2011,2,60,25.3
2011,2,61,24.5
2011,2,62,23.6
2011,2,63,22.7
2011,2,64,21.9
2011,2,65,21.0
2011,2,66,20.2
2011,2,67,19.4
2011,2,68,18.6
2011,2,69,17.8
2011,2,70,17.0
2011,2,71,16.2
2011,2,72,15.4
2011,2,73,14.7
2011,2,74,13.9
2011,2,75,13.2
2011,2,76,12.5
2011,2,77,11.8
2011,2,78,11.1
2011,2,79,10.4
2011,2,80,9.8
2011,2,81,9.2
2011,2,82,8.6
2011,2,83,8.0
2011,2,84,7.5
2011,2,85,7.0
2011,2,86,6.5
2011,2,87,6.0
2011,2,88,5.6
2011,2,89,5.2
2011,2,90,4.8
2011,1,55,26.7
2011,1,56,25.9
2011,1,57,25.0
2011,1,58,24.2
2011,1,59,23.3
2011,1,60,22.5
2011,1,61,21.7
2011,1,62,20.8
2011,1,63,20.0
2011,1,64,19.2
2011,1,65,18.4
2011,1,66,17.7
2011,1,67,16.9
2011,1,68,16.2
2011,1,69,15.4
2011,1,70,14.7
2011,1,71,14.0
2011,1,72,13.3
2011,1,73,12.6
2011,1,74,12.0
2011,1,75,11.3
2011,1,76,10.7
2011,1,77,10.1
2011,1,78,9.5
2011,1,79,8.9
2011,1,80,8.3
2011,1,81,7.8
2011,1,82,7.3
2011,1,83,6.8
2011,1,84,6.4
2011,1,85,5.9
2011,1,86,5.5
2011,1,87,5.1
2011,1,88,4.8
2011,1,89,4.4
2011,1,90,4.1
2012,2,55,29.7
2012,2,56,28.8
2012,2,57,27.9
2012,2,58,27.0
2012,2,59,26.1
2012,2,60,25.2
2012,2,61,24.3
2012,2,62,23.5
2012,2,63,22.6
2012,2,64,21.8
2012,2,65,20.9
2012,2,66,20.1
2012,2,67,19.2
2012,2,68,18.4
2012,2,69,17.6
2012,2,70,16.8
2012,2,71,16.0
2012,2,72,15.3
2012,2,73,14.5
2012,2,74,13.8
2012,2,75,13.0
2012,2,76,12.3
2012,2,77,11.6
2012,2,78,10.9
2012,2,79,10.3
2012,2,80,9.6
2012,2,81,9.0
2012,2,82,8.4
2012,2,83,7.8
2012,2,84,7.3
2012,2,85,6.8
2012,2,86,6.3
2012,2,87,5.8
2012,2,88,5.4
2012,2,89,5.0
2012,2,90,4.6
2012,1,55,26.8
2012,1,56,25.9
2012,1,57,25.0
2012,1,58,24.2
2012,1,59,23.3
2012,1,60,22.5
2012,1,61,21.7
2012,1,62,20.8
2012,1,63,20.0
2012,1,64,19.2
2012,1,65,18.4
2012,1,66,17.7
2012,1,67,16.9
2012,1,68,16.1
2012,1,69,15.4
2012,1,70,14.7
2012,1,71,13.9
2012,1,72,13.2
2012,1,73,12.6
2012,1,74,11.9
2012,1,75,11.2
2012,1,76,10.6
2012,1,77,10.0
2012,1,78,9.4
2012,1,79,8.8
2012,1,80,8.2
2012,1,81,7.7
2012,1,82,7.2
2012,1,83,6.7
2012,1,84,6.2
2012,1,85,5.8
2012,1,86,5.4
2012,1,87,5.0
2012,1,88,4.7
2012,1,89,4.3
2012,1,90,4.0
2013,2,55,29.7
2013,2,56,28.8
2013,2,57,27.9
2013,2,58,27.0
2013,2,59,26.1
2013,2,60,25.3
2013,2,61,24.4
2013,2,62,23.5
2013,2,63,22.7
2013,2,64,21.8
2013,2,65,21.0
2013,2,66,20.1
2013,2,67,19.3
2013,2,68,18.5
2013,2,69,17.6
2013,2,70,16.8
2013,2,71,16.1
2013,2,72,15.3
2013,2,73,14.5
2013,2,74,13.8
2013,2,75,13.0
2013,2,76,12.3
2013,2,77,11.6
2013,2,78,10.9
2013,2,79,10.3
2013,2,80,9.6
2013,2,81,9.0
2013,2,82,8.4
2013,2,83,7.8
2013,2,84,7.3
2013,2,85,6.8
2013,2,86,6.3
2013,2,87,5.8
2013,2,88,5.4
2013,2,89,5.0
2013,2,90,4.6
2013,1,55,26.8
2013,1,56,25.9
2013,1,57,25.1
2013,1,58,24.2
2013,1,59,23.4
2013,1,60,22.5
2013,1,61,21.7
2013,1,62,20.9
2013,1,63,20.1
2013,1,64,19.3
2013,1,65,18.5
2013,1,66,17.7
2013,1,67,16.9
2013,1,68,16.2
2013,1,69,15.4
2013,1,70,14.7
2013,1,71,14.0
2013,1,72,13.3
2013,1,73,12.6
2013,1,74,11.9
2013,1,75,11.3
2013,1,76,10.6
2013,1,77,10.0
2013,1,78,9.4
2013,1,79,8.8
2013,1,80,8.2
2013,1,81,7.7
2013,1,82,7.2
2013,1,83,6.7
2013,1,84,6.2
2013,1,85,5.8
2013,1,86,5.4
2013,1,87,5.0
2013,1,88,4.6
2013,1,89,4.3
2013,1,90,4.0
2014,2,55,30.0
2014,2,56,29.1
2014,2,57,28.2
2014,2,58,27.3
2014,2,59,26.4
2014,2,60,25.5
2014,2,61,24.6
2014,2,62,23.8
2014,2,63,22.9
2014,2,64,22.1
2014,2,65,21.2
2014,2,66,20.4
2014,2,67,19.5
2014,2,68,18.7
2014,2,69,17.9
2014,2,70,17.1
2014,2,71,16.3
2014,2,72,15.5
2014,2,73,14.8
2014,2,74,14.0
2014,2,75,13.3
2014,2,76,12.6
2014,2,77,11.9
2014,2,78,11.2
2014,2,79,10.5
2014,2,80,9.9
2014,2,81,9.2
2014,2,82,8.6
2014,2,83,8.1
2014,2,84,7.5
2014,2,85,7.0
2014,2,86,6.5
2014,2,87,6.0
2014,2,88,5.6
2014,2,89,5.2
2014,2,90,4.8
2014,1,55,27.0
2014,1,56,26.2
2014,1,57,25.3
2014,1,58,24.4
2014,1,59,23.6
2014,1,60,22.8
2014,1,61,21.9
2014,1,62,21.1
2014,1,63,20.3
2014,1,64,19.5
2014,1,65,18.7
2014,1,66,17.9
2014,1,67,17.2
2014,1,68,16.4
2014,1,69,15.6
2014,1,70,14.9
2014,1,71,14.2
2014,1,72,13.5
2014,1,73,12.8
2014,1,74,12.1
2014,1,75,11.5
2014,1,76,10.8
2014,1,77,10.2
2014,1,78,9.6
2014,1,79,9.0
2014,1,80,8.4
2014,1,81,7.9
2014,1,82,7.4
2014,1,83,6.9
2014,1,84,6.4
2014,1,85,6.0
2014,1,86,5.5
2014,1,87,5.1
2014,1,88,4.8
2014,1,89,4.5
2014,1,90,4.1
2015,2,55,29.7
2015,2,56,28.8
2015,2,57,27.9
2015,2,58,27.0
2015,2,59,26.1
2015,2,60,25.2
2015,2,61,24.3
2015,2,62,23.4
2015,2,63,22.6
2015,2,64,21.7
2015,2,65,20.9
2015,2,66,20.0
2015,2,67,19.2
2015,2,68,18.4
2015,2,69,17.6
2015,2,70,16.8
2015,2,71,16.0
2015,2,72,15.2
2015,2,73,14.4
2015,2,74,13.7
2015,2,75,12.9
2015,2,76,12.2
2015,2,77,11.5
2015,2,78,10.8
2015,2,79,10.1
2015,2,80,9.5
2015,2,81,8.9
2015,2,82,8.3
2015,2,83,7.7
2015,2,84,7.1
2015,2,85,6.6
2015,2,86,6.1
2015,2,87,5.7
2015,2,88,5.3
2015,2,89,4.9
2015,2,90,4.5
2015,1,55,26.9
2015,1,56,26.0
2015,1,57,25.1
2015,1,58,24.3
2015,1,59,23.4
2015,1,60,22.6
2015,1,61,21.7
2015,1,62,20.9
2015,1,63,20.1
2015,1,64,19.3
2015,1,65,18.5
2015,1,66,17.8
2015,1,67,17.0
2015,1,68,16.2
2015,1,69,15.5
2015,1,70,14.7
2015,1,71,14.0
2015,1,72,13.3
2015,1,73,12.6
2015,1,74,11.9
2015,1,75,11.2
2015,1,76,10.6
2015,1,77,10.0
2015,1,78,9.4
2015,1,79,8.8
2015,1,80,8.2
2015,1,81,7.7
2015,1,82,7.1
2015,1,83,6.6
2015,1,84,6.2
2015,1,85,5.7
2015,1,86,5.3
2015,1,87,4.9
2015,1,88,4.6
2015,1,89,4.2
2015,1,90,3.9
2016,2,55,29.8
2016,2,56,28.9
2016,2,57,28.0
2016,2,58,27.2
2016,2,59,26.3
2016,2,60,25.4
2016,2,61,24.5
2016,2,62,23.7
2016,2,63,22.8
2016,2,64,21.9
2016,2,65,21.1
2016,2,66,20.3
2016,2,67,19.4
2016,2,68,18.6
2016,2,69,17.8
2016,2,70,17.0
2016,2,71,16.2
2016,2,72,15.4
2016,2,73,14.7
2016,2,74,13.9
2016,2,75,13.2
2016,2,76,12.5
2016,2,77,11.8
2016,2,78,11.1
2016,2,79,10.4
2016,2,80,9.8
2016,2,81,9.1
2016,2,82,8.5
2016,2,83,7.9
2016,2,84,7.4
2016,2,85,6.9
2016,2,86,6.4
2016,2,87,5.9
2016,2,88,5.5
2016,2,89,5.1
2016,2,90,4.7
2016,1,55,27.0
2016,1,56,26.2
2016,1,57,25.3
2016,1,58,24.4
2016,1,59,23.6
2016,1,60,22.7
2016,1,61,21.9
2016,1,62,21.1
2016,1,63,20.3
2016,1,64,19.5
2016,1,65,18.7
2016,1,66,17.9
2016,1,67,17.2
2016,1,68,16.4
2016,1,69,15.6
2016,1,70,14.9
2016,1,71,14.2
2016,1,72,13.5
2016,1,73,12.8
2016,1,74,12.1
2016,1,75,11.4
2016,1,76,10.8
2016,1,77,10.2
2016,1,78,9.6
2016,1,79,9.0
2016,1,80,8.4
2016,1,81,7.8
2016,1,82,7.3
2016,1,83,6.8
2016,1,84,6.3
2016,1,85,5.9
2016,1,86,5.5
2016,1,87,5.1
2016,1,88,4.7
2016,1,89,4.4
2016,1,90,4.1
2017,2,55,29.9
2017,2,56,29.0
2017,2,57,28.1
2017,2,58,27.2
2017,2,59,26.3
2017,2,60,25.4
2017,2,61,24.5
2017,2,62,23.7
2017,2,63,22.8
2017,2,64,22.0
2017,2,65,21.1
2017,2,66,20.3
2017,2,67,19.4
2017,2,68,18.6
2017,2,69,17.8
2017,2,70,17.0
2017,2,71,16.2
2017,2,72,15.4
2017,2,73,14.6
2017,2,74,13.9
2017,2,75,13.1
2017,2,76,12.4
2017,2,77,11.7
2017,2,78,11.0
2017,2,79,10.4
2017,2,80,9.7
2017,2,81,9.1
2017,2,82,8.5
2017,2,83,7.9
2017,2,84,7.3
2017,2,85,6.8
2017,2,86,6.3
2017,2,87,5.8
2017,2,88,5.4
2017,2,89,5.0
2017,2,90,4.6
2017,1,55,27.1
2017,1,56,26.2
2017,1,57,25.3
2017,1,58,24.5
2017,1,59,23.6
2017,1,60,22.8
2017,1,61,21.9
2017,1,62,21.1
2017,1,63,20.3
2017,1,64,19.5
2017,1,65,18.7
2017,1,66,17.9
2017,1,67,17.2
2017,1,68,16.4
2017,1,69,15.7
2017,1,70,14.9
2017,1,71,14.2
2017,1,72,13.5
2017,1,73,12.8
2017,1,74,12.1
2017,1,75,11.4
2017,1,76,10.8
2017,1,77,10.2
2017,1,78,9.5
2017,1,79,9.0
2017,1,80,8.4
2017,1,81,7.8
2017,1,82,7.3
2017,1,83,6.8
2017,1,84,6.3
2017,1,85,5.9
2017,1,86,5.4
2017,1,87,5.0
2017,1,88,4.7
2017,1,89,4.3
2017,1,90,4.0
2018,2,55,29.9
2018,2,56,29.0
2018,2,57,28.1
2018,2,58,27.2
2018,2,59,26.3
2018,2,60,25.4
2018,2,61,24.5
2018,2,62,23.7
2018,2,63,22.8
2018,2,64,22.0
2018,2,65,21.1
2018,2,66,20.3
2018,2,67,19.5
2018,2,68,18.6
2018,2,69,17.8
2018,2,70,17.0
2018,2,71,16.2
2018,2,72,15.4
2018,2,73,14.7
2018,2,74,13.9
2018,2,75,13.2
2018,2,76,12.4
2018,2,77,11.7
2018,2,78,11.0
2018,2,79,10.4
2018,2,80,9.7
2018,2,81,9.1
2018,2,82,8.5
2018,2,83,7.9
2018,2,84,7.3
2018,2,85,6.8
2018,2,86,6.3
2018,2,87,5.8
2018,2,88,5.4
2018,2,89,5.0
2018,2,90,4.6
2018,1,55,27.1
2018,1,56,26.2
2018,1,57,25.4
2018,1,58,24.5
2018,1,59,23.7
2018,1,60,22.8
2018,1,61,22.0
2018,1,62,21.2
2018,1,63,20.3
2018,1,64,19.5
2018,1,65,18.8
2018,1,66,18.0
2018,1,67,17.2
2018,1,68,16.4
2018,1,69,15.7
2018,1,70,15.0
2018,1,71,14.2
2018,1,72,13.5
2018,1,73,12.8
2018,1,74,12.1
2018,1,75,11.5
2018,1,76,10.8
2018,1,77,10.2
2018,1,78,9.6
2018,1,79,9.0
2018,1,80,8.4
2018,1,81,7.9
2018,1,82,7.3
2018,1,83,6.8
2018,1,84,6.3
2018,1,85,5.9
2018,1,86,5.4
2018,1,87,5.0
2018,1,88,4.7
2018,1,89,4.3
2018,1,90,4.0
2019,2,55,30.3
2019,2,56,29.3
2019,2,57,28.4
2019,2,58,27.5
2019,2,59,26.6
2019,2,60,25.8
2019,2,61,24.9
2019,2,62,24.0
2019,2,63,23.2
2019,2,64,22.3
2019,2,65,21.4
2019,2,66,20.6
2019,2,67,19.8
2019,2,68,18.9
2019,2,69,18.1
2019,2,70,17.3
2019,2,71,16.5
2019,2,72,15.7
2019,2,73,15.0
2019,2,74,14.2
2019,2,75,13.5
2019,2,76,12.7
2019,2,77,12.0
2019,2,78,11.3
2019,2,79,10.6
2019,2,80,10.0
2019,2,81,9.4
2019,2,82,8.7
2019,2,83,8.1
2019,2,84,7.6
2019,2,85,7.0
2019,2,86,6.5
2019,2,87,6.0
2019,2,88,5.6
2019,2,89,5.2
2019,2,90,4.8
2019,1,55,27.4
2019,1,56,26.5
2019,1,57,25.6
2019,1,58,24.8
2019,1,59,23.9
2019,1,60,23.1
2019,1,61,22.2
2019,1,62,21.4
2019,1,63,20.6
2019,1,64,19.8
2019,1,65,19.0
2019,1,66,18.2
2019,1,67,17.5
2019,1,68,16.7
2019,1,69,15.9
2019,1,70,15.2
2019,1,71,14.5
2019,1,72,13.8
2019,1,73,13.0
2019,1,74,12.4
2019,1,75,11.7
2019,1,76,11.0
2019,1,77,10.4
2019,1,78,9.8
2019,1,79,9.2
2019,1,80,8.6
2019,1,81,8.0
2019,1,82,7.5
2019,1,83,7.0
2019,1,84,6.5
2019,1,85,6.0
2019,1,86,5.6
2019,1,87,5.2
2019,1,88,4.8
2019,1,89,4.4
2019,1,90,4.1
2020,2,55,29.4
2020,2,56,28.4
2020,2,57,27.6
2020,2,58,26.7
2020,2,59,25.8
2020,2,60,24.9
2020,2,61,24.0
2020,2,62,23.2
2020,2,63,22.3
2020,2,64,21.5
2020,2,65,20.6
2020,2,66,19.8
2020,2,67,19.0
2020,2,68,18.1
2020,2,69,17.3
2020,2,70,16.5
2020,2,71,15.8
2020,2,72,15.0
2020,2,73,14.2
2020,2,74,13.5
2020,2,75,12.7
2020,2,76,12.0
2020,2,77,11.3
2020,2,78,10.6
2020,2,79,10.0
2020,2,80,9.3
2020,2,81,8.7
2020,2,82,8.1
2020,2,83,7.6
2020,2,84,7.0
2020,2,85,6.5
2020,2,86,6.0
2020,2,87,5.5
2020,2,88,5.1
2020,2,89,4.7
2020,2,90,4.3
2020,1,55,26.2
2020,1,56,25.3
2020,1,57,24.5
2020,1,58,23.6
2020,1,59,22.8
2020,1,60,22.0
2020,1,61,21.2
2020,1,62,20.3
2020,1,63,19.6
2020,1,64,18.8
2020,1,65,18.0
2020,1,66,17.2
2020,1,67,16.5
2020,1,68,15.7
2020,1,69,15.0
2020,1,70,14.3
2020,1,71,13.6
2020,1,72,12.9
2020,1,73,12.2
2020,1,74,11.5
2020,1,75,10.8
2020,1,76,10.2
2020,1,77,9.6
2020,1,78,9.0
2020,1,79,8.4
2020,1,80,7.9
2020,1,81,7.3
2020,1,82,6.8
2020,1,83,6.4
2020,1,84,5.9
2020,1,85,5.5
2020,1,86,5.0
2020,1,87,4.7
2020,1,88,4.3
2020,1,89,4.0
2020,1,90,3.7
2021,2,55,29.7
2021,2,56,28.8
2021,2,57,27.9
2021,2,58,27.0
2021,2,59,26.1
2021,2,60,25.2
2021,2,61,24.4
2021,2,62,23.5
2021,2,63,22.7
2021,2,64,21.8
2021,2,65,21.0
2021,2,66,20.2
2021,2,67,19.3
2021,2,68,18.5
2021,2,69,17.7
2021,2,70,16.9
2021,2,71,16.2
2021,2,72,15.4
2021,2,73,14.6
2021,2,74,13.9
2021,2,75,13.1
2021,2,76,12.4
2021,2,77,11.7
2021,2,78,11.0
2021,2,79,10.4
2021,2,80,9.7
2021,2,81,9.1
2021,2,82,8.5
2021,2,83,7.9
2021,2,84,7.4
2021,2,85,6.8
2021,2,86,6.3
2021,2,87,5.8
2021,2,88,5.4
2021,2,89,5.0
2021,2,90,4.6
2021,1,55,26.6
2021,1,56,25.7
2021,1,57,24.9
2021,1,58,24.0
2021,1,59,23.2
2021,1,60,22.4
2021,1,61,21.6
2021,1,62,20.8
2021,1,63,20.0
2021,1,64,19.2
2021,1,65,18.4
2021,1,66,17.7
2021,1,67,16.9
2021,1,68,16.2
2021,1,69,15.5
2021,1,70,14.7
2021,1,71,14.0
2021,1,72,13.3
2021,1,73,12.6
2021,1,74,12.0
2021,1,75,11.3
2021,1,76,10.7
2021,1,77,10.0
2021,1,78,9.4
2021,1,79,8.9
2021,1,80,8.3
2021,1,81,7.8
2021,1,82,7.3
2021,1,83,6.8
2021,1,84,6.3
2021,1,85,5.8
2021,1,86,5.4
2021,1,87,5.0
2021,1,88,4.6
2021,1,89,4.3
2021,1,90,3.9
2022,2,55,30.0
2022,2,56,29.1
2022,2,57,28.2
2022,2,58,27.3
2022,2,59,26.4
2022,2,60,25.5
2022,2,61,24.6
2022,2,62,23.7
2022,2,63,22.9
2022,2,64,22.0
2022,2,65,21.2
2022,2,66,20.4
2022,2,67,19.5
2022,2,68,18.7
2022,2,69,17.9
2022,2,70,17.1
2022,2,71,16.3
2022,2,72,15.5
2022,2,73,14.8
2022,2,74,14.0
2022,2,75,13.3
2022,2,76,12.5
2022,2,77,11.8
2022,2,78,11.1
2022,2,79,10.5
2022,2,80,9.8
2022,2,81,9.2
2022,2,82,8.6
2022,2,83,8.0
2022,2,84,7.4
2022,2,85,6.9
2022,2,86,6.4
2022,2,87,5.9
2022,2,88,5.4
2022,2,89,5.0
2022,2,90,4.6
2022,1,55,27.0
2022,1,56,26.1
2022,1,57,25.3
2022,1,58,24.4
2022,1,59,23.6
2022,1,60,22.8
2022,1,61,21.9
2022,1,62,21.1
2022,1,63,20.3
2022,1,64,19.5
2022,1,65,18.7
2022,1,66,17.9
2022,1,67,17.2
2022,1,68,16.4
2022,1,69,15.7
2022,1,70,15.0
2022,1,71,14.2
2022,1,72,13.5
2022,1,73,12.9
2022,1,74,12.2
2022,1,75,11.5
2022,1,76,10.8
2022,1,77,10.2
2022,1,78,9.6
2022,1,79,9.0
2022,1,80,8.4
2022,1,81,7.8
2022,1,82,7.3
2022,1,83,6.8
2022,1,84,6.3
2022,1,85,5.9
2022,1,86,5.4
2022,1,87,5.0
2022,1,88,4.6
2022,1,89,4.2
2022,1,90,3.9
2023,2,55,30.0
2023,2,56,29.1
2023,2,57,28.2
2023,2,58,27.3
2023,2,59,26.4
2023,2,60,25.6
2023,2,61,24.7
2023,2,62,23.8
2023,2,63,23.0
2023,2,64,22.1
2023,2,65,21.3
2023,2,66,20.4
2023,2,67,19.6
2023,2,68,18.8
2023,2,69,18.0
2023,2,70,17.2
2023,2,71,16.4
2023,2,72,15.6
2023,2,73,14.8
2023,2,74,14.1
2023,2,75,13.3
2023,2,76,12.6
2023,2,77,11.9
2023,2,78,11.2
2023,2,79,10.5
2023,2,80,9.8
2023,2,81,9.2
2023,2,82,8.6
2023,2,83,8.0
2023,2,84,7.4
2023,2,85,6.9
2023,2,86,6.4
2023,2,87,5.9
2023,2,88,5.5
2023,2,89,5.0
2023,2,90,4.6
2023,1,55,27.1
2023,1,56,26.2
2023,1,57,25.4
2023,1,58,24.5
2023,1,59,23.7
2023,1,60,22.8
2023,1,61,22.0
2023,1,62,21.2
2023,1,63,20.4
2023,1,64,19.6
2023,1,65,18.8
2023,1,66,18.0
2023,1,67,17.2
2023,1,68,16.5
2023,1,69,15.8
2023,1,70,15.0
2023,1,71,14.3
2023,1,72,13.6
2023,1,73,12.9
2023,1,74,12.2
2023,1,75,11.6
2023,1,76,10.9
2023,1,77,10.3
2023,1,78,9.6
2023,1,79,9.0
2023,1,80,8.5
2023,1,81,7.9
2023,1,82,7.4
2023,1,83,6.9
2023,1,84,6.4
2023,1,85,5.9
2023,1,86,5.5
2023,1,87,5.1
2023,1,88,4.7
2023,1,89,4.3
2023,1,90,4.0
2024,2,55,30.2
2024,2,56,29.3
2024,2,57,28.4
2024,2,58,27.5
2024,2,59,26.6
2024,2,60,25.7
2024,2,61,24.8
2024,2,62,24.0
2024,2,63,23.1
2024,2,64,22.2
2024,2,65,21.4
2024,2,66,20.6
2024,2,67,19.7
2024,2,68,18.9
2024,2,69,18.1
2024,2,70,17.3
2024,2,71,16.5
2024,2,72,15.7
2024,2,73,15.0
2024,2,74,14.2
2024,2,75,13.5
2024,2,76,12.7
2024,2,77,12.0
2024,2,78,11.3
2024,2,79,10.6
2024,2,80,9.9
2024,2,81,9.3
2024,2,82,8.7
2024,2,83,8.1
2024,2,84,7.5
2024,2,85,6.9
2024,2,86,6.4
2024,2,87,5.9
2024,2,88,5.4
2024,2,89,5.0
2024,2,90,4.5
2024,1,55,27.2
2024,1,56,26.3
2024,1,57,25.5
2024,1,58,24.6
2024,1,59,23.8
2024,1,60,22.9
2024,1,61,22.1
2024,1,62,21.3
2024,1,63,20.5
2024,1,64,19.7
2024,1,65,18.9
2024,1,66,18.2
2024,1,67,17.4
2024,1,68,16.6
2024,1,69,15.9
2024,1,70,15.2
2024,1,71,14.5
2024,1,72,13.8
2024,1,73,13.1
2024,1,74,12.4
2024,1,75,11.7
2024,1,76,11.1
2024,1,77,10.4
2024,1,78,9.8
2024,1,79,9.2
2024,1,80,8.6
2024,1,81,8.0
2024,1,82,7.5
2024,1,83,6.9
2024,1,84,6.5
2024,1,85,6.0
2024,1,86,5.5
2024,1,87,5.1
2024,1,88,4.7
2024,1,89,4.3
2024,1,90,4.0
2025,2,55,30.3
2025,2,56,29.4
2025,2,57,28.5
2025,2,58,27.6
2025,2,59,26.7
2025,2,60,25.8
2025,2,61,25.0
2025,2,62,24.1
2025,2,63,23.2
2025,2,64,22.4
2025,2,65,21.5
2025,2,66,20.7
2025,2,67,19.8
2025,2,68,19.0
2025,2,69,18.2
2025,2,70,17.4
2025,2,71,16.6
2025,2,72,15.8
2025,2,73,15.1
2025,2,74,14.3
2025,2,75,13.6
2025,2,76,12.8
2025,2,77,12.1
2025,2,78,11.4
2025,2,79,10.7
2025,2,80,10.0
2025,2,81,9.4
2025,2,82,8.7
2025,2,83,8.1
2025,2,84,7.5
2025,2,85,7.0
2025,2,86,6.5
2025,2,87,6.0
2025,2,88,5.5
2025,2,89,5.0
2025,2,90,4.6
2025,1,55,27.3
2025,1,56,26.4
2025,1,57,25.6
2025,1,58,24.7
2025,1,59,23.9
2025,1,60,23.1
2025,1,61,22.2
2025,1,62,21.4
2025,1,63,20.6
2025,1,64,19.8
2025,1,65,19.0
2025,1,66,18.3
2025,1,67,17.5
2025,1,68,16.7
2025,1,69,16.0
2025,1,70,15.3
2025,1,71,14.5
2025,1,72,13.8
2025,1,73,13.2
2025,1,74,12.5
2025,1,75,11.8
2025,1,76,11.2
2025,1,77,10.5
2025,1,78,9.9
2025,1,79,9.3
2025,1,80,8.7
2025,1,81,8.1
2025,1,82,7.5
2025,1,83,7.0
2025,1,84,6.5
2025,1,85,6.0
2025,1,86,5.6
2025,1,87,5.2
2025,1,88,4.8
2025,1,89,4.4
2025,1,90,4.0
2026,2,55,30.4
2026,2,56,29.5
2026,2,57,28.6
2026,2,58,27.7
2026,2,59,26.8
2026,2,60,26.0
2026,2,61,25.1
2026,2,62,24.2
2026,2,63,23.3
2026,2,64,22.5
2026,2,65,21.6
2026,2,66,20.8
2026,2,67,20.0
2026,2,68,19.1
2026,2,69,18.3
2026,2,70,17.5
2026,2,71,16.7
2026,2,72,15.9
2026,2,73,15.2
2026,2,74,14.4
2026,2,75,13.7
2026,2,76,12.9
2026,2,77,12.2
2026,2,78,11.5
2026,2,79,10.8
2026,2,80,10.1
2026,2,81,9.5
2026,2,82,8.8
2026,2,83,8.2
2026,2,84,7.6
2026,2,85,7.1
2026,2,86,6.5
2026,2,87,6.0
2026,2,88,5.5
2026,2,89,5.1
2026,2,90,4.7
2026,1,55,27.4
2026,1,56,26.5
2026,1,57,25.7
2026,1,58,24.8
2026,1,59,24.0
2026,1,60,23.2
2026,1,61,22.4
2026,1,62,21.5
2026,1,63,20.7
2026,1,64,19.9
2026,1,65,19.1
2026,1,66,18.4
2026,1,67,17.6
2026,1,68,16.8
2026,1,69,16.1
2026,1,70,15.4
2026,1,71,14.6
2026,1,72,13.9
2026,1,73,13.2
2026,1,74,12.6
2026,1,75,11.9
2026,1,76,11.2
2026,1,77,10.6
2026,1,78,10.0
2026,1,79,9.3
2026,1,80,8.7
2026,1,81,8.2
2026,1,82,7.6
2026,1,83,7.1
2026,1,84,6.6
2026,1,85,6.1
2026,1,86,5.6
2026,1,87,5.2
2026,1,88,4.8
2026,1,89,4.4
2026,1,90,4.1
2027,2,55,30.5
2027,2,56,29.6
2027,2,57,28.7
2027,2,58,27.8
2027,2,59,26.9
2027,2,60,26.1
2027,2,61,25.2
2027,2,62,24.3
2027,2,63,23.5
2027,2,64,22.6
2027,2,65,21.7
2027,2,66,20.9
2027,2,67,20.1
2027,2,68,19.2
2027,2,69,18.4
2027,2,70,17.6
2027,2,71,16.8
2027,2,72,16.0
2027,2,73,15.3
2027,2,74,14.5
2027,2,75,13.8
2027,2,76,13.0
2027,2,77,12.3
2027,2,78,11.6
2027,2,79,10.9
2027,2,80,10.2
2027,2,81,9.5
2027,2,82,8.9
2027,2,83,8.3
2027,2,84,7.7
2027,2,85,7.1
2027,2,86,6.6
2027,2,87,6.1
2027,2,88,5.6
2027,2,89,5.1
2027,2,90,4.7
2027,1,55,27.5
2027,1,56,26.6
2027,1,57,25.8
2027,1,58,24.9
2027,1,59,24.1
2027,1,60,23.3
2027,1,61,22.5
2027,1,62,21.6
2027,1,63,20.8
2027,1,64,20.0
2027,1,65,19.2
2027,1,66,18.5
2027,1,67,17.7
2027,1,68,16.9
2027,1,69,16.2
2027,1,70,15.4
2027,1,71,14.7
2027,1,72,14.0
2027,1,73,13.3
2027,1,74,12.6
2027,1,75,12.0
2027,1,76,11.3
2027,1,77,10.7
2027,1,78,10.0
2027,1,79,9.4
2027,1,80,8.8
2027,1,81,8.2
2027,1,82,7.7
2027,1,83,7.1
2027,1,84,6.6
2027,1,85,6.1
2027,1,86,5.7
2027,1,87,5.3
2027,1,88,4.9
2027,1,89,4.5
2027,1,90,4.1
2028,2,55,30.6
2028,2,56,29.7
2028,2,57,28.8
2028,2,58,27.9
2028,2,59,27.1
2028,2,60,26.2
2028,2,61,25.3
2028,2,62,24.4
2028,2,63,23.6
2028,2,64,22.7
2028,2,65,21.8
2028,2,66,21.0
2028,2,67,20.2
2028,2,68,19.3
2028,2,69,18.5
2028,2,70,17.7
2028,2,71,16.9
2028,2,72,16.1
2028,2,73,15.3
2028,2,74,14.6
2028,2,75,13.8
2028,2,76,13.1
2028,2,77,12.4
2028,2,78,11.7
2028,2,79,11.0
2028,2,80,10.3
2028,2,81,9.6
2028,2,82,9.0
2028,2,83,8.3
2028,2,84,7.7
2028,2,85,7.2
2028,2,86,6.6
2028,2,87,6.1
2028,2,88,5.6
2028,2,89,5.2
2028,2,90,4.7
2028,1,55,27.6
2028,1,56,26.7
2028,1,57,25.9
2028,1,58,25.0
2028,1,59,24.2
2028,1,60,23.4
2028,1,61,22.5
2028,1,62,21.7
2028,1,63,20.9
2028,1,64,20.1
2028,1,65,19.3
2028,1,66,18.6
2028,1,67,17.8
2028,1,68,17.0
2028,1,69,16.3
2028,1,70,15.5
2028,1,71,14.8
2028,1,72,14.1
2028,1,73,13.4
2028,1,74,12.7
2028,1,75,12.0
2028,1,76,11.4
2028,1,77,10.7
2028,1,78,10.1
2028,1,79,9.5
2028,1,80,8.9
2028,1,81,8.3
2028,1,82,7.7
2028,1,83,7.2
2028,1,84,6.7
2028,1,85,6.2
2028,1,86,5.7
2028,1,87,5.3
2028,1,88,4.9
2028,1,89,4.5
2028,1,90,4.1
2029,2,55,30.7
2029,2,56,29.8
2029,2,57,28.9
2029,2,58,28.0
2029,2,59,27.1
2029,2,60,26.3
2029,2,61,25.4
2029,2,62,24.5
2029,2,63,23.7
2029,2,64,22.8
2029,2,65,21.9
2029,2,66,21.1
2029,2,67,20.3
2029,2,68,19.4
2029,2,69,18.6
2029,2,70,17.8
2029,2,71,17.0
2029,2,72,16.2
2029,2,73,15.4
2029,2,74,14.7
2029,2,75,13.9
2029,2,76,13.2
2029,2,77,12.4
2029,2,78,11.7
2029,2,79,11.0
2029,2,80,10.3
2029,2,81,9.7
2029,2,82,9.0
2029,2,83,8.4
2029,2,84,7.8
2029,2,85,7.2
2029,2,86,6.7
2029,2,87,6.2
2029,2,88,5.7
2029,2,89,5.2
2029,2,90,4.8
2029,1,55,27.7
2029,1,56,26.8
2029,1,57,26.0
2029,1,58,25.1
2029,1,59,24.3
2029,1,60,23.4
2029,1,61,22.6
2029,1,62,21.8
2029,1,63,21.0
2029,1,64,20.2
2029,1,65,19.4
2029,1,66,18.6
2029,1,67,17.9
2029,1,68,17.1
2029,1,69,16.3
2029,1,70,15.6
2029,1,71,14.9
2029,1,72,14.2
2029,1,73,13.4
2029,1,74,12.8
2029,1,75,12.1
2029,1,76,11.4
2029,1,77,10.8
2029,1,78,10.2
2029,1,79,9.5
2029,1,80,8.9
2029,1,81,8.4
2029,1,82,7.8
2029,1,83,7.2
2029,1,84,6.7
2029,1,85,6.2
2029,1,86,5.8
2029,1,87,5.3
2029,1,88,4.9
2029,1,89,4.5
2029,1,90,4.2
2030,2,55,30.8
2030,2,56,29.9
2030,2,57,29.0
2030,2,58,28.1
2030,2,59,27.2
2030,2,60,26.4
2030,2,61,25.5
2030,2,62,24.6
2030,2,63,23.7
2030,2,64,22.9
2030,2,65,22.0
2030,2,66,21.2
2030,2,67,20.3
2030,2,68,19.5
2030,2,69,18.7
2030,2,70,17.9
2030,2,71,17.1
2030,2,72,16.3
2030,2,73,15.5
2030,2,74,14.7
2030,2,75,14.0
2030,2,76,13.2
2030,2,77,12.5
2030,2,78,11.8
2030,2,79,11.1
2030,2,80,10.4
2030,2,81,9.7
2030,2,82,9.1
2030,2,83,8.5
2030,2,84,7.9
2030,2,85,7.3
2030,2,86,6.7
2030,2,87,6.2
2030,2,88,5.7
2030,2,89,5.3
2030,2,90,4.8
2030,1,55,27.8
2030,1,56,26.9
2030,1,57,26.0
2030,1,58,25.2
2030,1,59,24.3
2030,1,60,23.5
2030,1,61,22.7
2030,1,62,21.9
2030,1,63,21.1
2030,1,64,20.3
2030,1,65,19.5
2030,1,66,18.7
2030,1,67,17.9
2030,1,68,17.2
2030,1,69,16.4
2030,1,70,15.7
2030,1,71,14.9
2030,1,72,14.2
2030,1,73,13.5
2030,1,74,12.8
2030,1,75,12.1
2030,1,76,11.5
2030,1,77,10.8
2030,1,78,10.2
2030,1,79,9.6
2030,1,80,9.0
2030,1,81,8.4
2030,1,82,7.8
2030,1,83,7.3
2030,1,84,6.8
2030,1,85,6.3
2030,1,86,5.8
2030,1,87,5.4
2030,1,88,4.9
2030,1,89,4.5
2030,1,90,4.2
2031,2,55,30.9
2031,2,56,30.0
2031,2,57,29.1
2031,2,58,28.2
2031,2,59,27.3
2031,2,60,26.4
2031,2,61,25.6
2031,2,62,24.7
2031,2,63,23.8
2031,2,64,23.0
2031,2,65,22.1
2031,2,66,21.3
2031,2,67,20.4
2031,2,68,19.6
2031,2,69,18.8
2031,2,70,18.0
2031,2,71,17.1
2031,2,72,16.4
2031,2,73,15.6
2031,2,74,14.8
2031,2,75,14.0
2031,2,76,13.3
2031,2,77,12.6
2031,2,78,11.8
2031,2,79,11.1
2031,2,80,10.5
2031,2,81,9.8
2031,2,82,9.1
2031,2,83,8.5
2031,2,84,7.9
2031,2,85,7.3
2031,2,86,6.8
2031,2,87,6.3
2031,2,88,5.8
2031,2,89,5.3
2031,2,90,4.8
2031,1,55,27.8
2031,1,56,27.0
2031,1,57,26.1
2031,1,58,25.3
2031,1,59,24.4
2031,1,60,23.6
2031,1,61,22.8
2031,1,62,21.9
2031,1,63,21.1
2031,1,64,20.3
2031,1,65,19.5
2031,1,66,18.8
2031,1,67,18.0
2031,1,68,17.2
2031,1,69,16.5
2031,1,70,15.7
2031,1,71,15.0
2031,1,72,14.3
2031,1,73,13.6
2031,1,74,12.9
2031,1,75,12.2
2031,1,76,11.5
2031,1,77,10.9
2031,1,78,10.2
2031,1,79,9.6
2031,1,80,9.0
2031,1,81,8.5
2031,1,82,7.9
2031,1,83,7.3
2031,1,84,6.8
2031,1,85,6.3
2031,1,86,5.8
2031,1,87,5.4
2031,1,88,5.0
2031,1,89,4.6
2031,1,90,4.2
2032,2,55,31.0
2032,2,56,30.1
2032,2,57,29.2
2032,2,58,28.3
2032,2,59,27.4
2032,2,60,26.5
2032,2,61,25.7
2032,2,62,24.8
2032,2,63,23.9
2032,2,64,23.1
2032,2,65,22.2
2032,2,66,21.4
2032,2,67,20.5
2032,2,68,19.7
2032,2,69,18.8
2032,2,70,18.0
2032,2,71,17.2
2032,2,72,16.4
2032,2,73,15.6
2032,2,74,14.9
2032,2,75,14.1
2032,2,76,13.4
2032,2,77,12.6
2032,2,78,11.9
2032,2,79,11.2
2032,2,80,10.5
2032,2,81,9.8
2032,2,82,9.2
2032,2,83,8.6
2032,2,84,8.0
2032,2,85,7.4
2032,2,86,6.8
2032,2,87,6.3
2032,2,88,5.8
2032,2,89,5.3
2032,2,90,4.9
2032,1,55,27.9
2032,1,56,27.0
2032,1,57,26.2
2032,1,58,25.3
2032,1,59,24.5
2032,1,60,23.7
2032,1,61,22.8
2032,1,62,22.0
2032,1,63,21.2
2032,1,64,20.4
2032,1,65,19.6
2032,1,66,18.8
2032,1,67,18.1
2032,1,68,17.3
2032,1,69,16.5
2032,1,70,15.8
2032,1,71,15.1
2032,1,72,14.3
2032,1,73,13.6
2032,1,74,12.9
2032,1,75,12.2
2032,1,76,11.6
2032,1,77,10.9
2032,1,78,10.3
2032,1,79,9.7
2032,1,80,9.1
2032,1,81,8.5
2032,1,82,7.9
2032,1,83,7.4
2032,1,84,6.9
2032,1,85,6.4
2032,1,86,5.9
2032,1,87,5.4
2032,1,88,5.0
2032,1,89,4.6
2032,1,90,4.2
2033,2,55,31.1
2033,2,56,30.2
2033,2,57,29.3
2033,2,58,28.4
2033,2,59,27.5
2033,2,60,26.6
2033,2,61,25.7
2033,2,62,24.9
2033,2,63,24.0
2033,2,64,23.1
2033,2,65,22.3
2033,2,66,21.4
2033,2,67,20.6
2033,2,68,19.8
2033,2,69,18.9
2033,2,70,18.1
2033,2,71,17.3
2033,2,72,16.5
2033,2,73,15.7
2033,2,74,14.9
2033,2,75,14.2
2033,2,76,13.4
2033,2,77,12.7
2033,2,78,12.0
2033,2,79,11.3
2033,2,80,10.6
2033,2,81,9.9
2033,2,82,9.2
2033,2,83,8.6
2033,2,84,8.0
2033,2,85,7.4
2033,2,86,6.9
2033,2,87,6.3
2033,2,88,5.8
2033,2,89,5.4
2033,2,90,4.9
2033,1,55,28.0
2033,1,56,27.1
2033,1,57,26.3
2033,1,58,25.4
2033,1,59,24.6
2033,1,60,23.7
2033,1,61,22.9
2033,1,62,22.1
2033,1,63,21.3
2033,1,64,20.5
2033,1,65,19.7
2033,1,66,18.9
2033,1,67,18.1
2033,1,68,17.4
2033,1,69,16.6
2033,1,70,15.9
2033,1,71,15.1
2033,1,72,14.4
2033,1,73,13.7
2033,1,74,13.0
2033,1,75,12.3
2033,1,76,11.6
2033,1,77,11.0
2033,1,78,10.3
2033,1,79,9.7
2033,1,80,9.1
2033,1,81,8.5
2033,1,82,8.0
2033,1,83,7.4
2033,1,84,6.9
2033,1,85,6.4
2033,1,86,5.9
2033,1,87,5.5
2033,1,88,5.0
2033,1,89,4.6
2033,1,90,4.2
2034,2,55,31.2
2034,2,56,30.3
2034,2,57,29.4
2034,2,58,28.5
2034,2,59,27.6
2034,2,60,26.7
2034,2,61,25.8
2034,2,62,24.9
2034,2,63,24.1
2034,2,64,23.2
2034,2,65,22.4
2034,2,66,21.5
2034,2,67,20.7
2034,2,68,19.8
2034,2,69,19.0
2034,2,70,18.2
2034,2,71,17.4
2034,2,72,16.6
2034,2,73,15.8
2034,2,74,15.0
2034,2,75,14.2
2034,2,76,13.5
2034,2,77,12.7
2034,2,78,12.0
2034,2,79,11.3
2034,2,80,10.6
2034,2,81,9.9
2034,2,82,9.3
2034,2,83,8.7
2034,2,84,8.1
2034,2,85,7.5
2034,2,86,6.9
2034,2,87,6.4
2034,2,88,5.9
2034,2,89,5.4
2034,2,90,4.9
2034,1,55,28.1
2034,1,56,27.2
2034,1,57,26.3
2034,1,58,25.5
2034,1,59,24.6
2034,1,60,23.8
2034,1,61,23.0
2034,1,62,22.1
2034,1,63,21.3
2034,1,64,20.5
2034,1,65,19.7
2034,1,66,19.0
2034,1,67,18.2
2034,1,68,17.4
2034,1,69,16.7
2034,1,70,15.9
2034,1,71,15.2
2034,1,72,14.5
2034,1,73,13.7
2034,1,74,13.0
2034,1,75,12.4
2034,1,76,11.7
2034,1,77,11.0
2034,1,78,10.4
2034,1,79,9.8
2034,1,80,9.2
2034,1,81,8.6
2034,1,82,8.0
2034,1,83,7.5
2034,1,84,6.9
2034,1,85,6.4
2034,1,86,6.0
2034,1,87,5.5
2034,1,88,5.1
2034,1,89,4.7
2034,1,90,4.3
2035,2,55,31.3
2035,2,56,30.4
2035,2,57,29.5
2035,2,58,28.6
2035,2,59,27.7
2035,2,60,26.8
2035,2,61,25.9
2035,2,62,25.0
2035,2,63,24.2
2035,2,64,23.3
2035,2,65,22.4
2035,2,66,21.6
2035,2,67,20.7
2035,2,68,19.9
2035,2,69,19.1
2035,2,70,18.3
2035,2,71,17.4
2035,2,72,16.6
2035,2,73,15.9
2035,2,74,15.1
2035,2,75,14.3
2035,2,76,13.5
2035,2,77,12.8
2035,2,78,12.1
2035,2,79,11.4
2035,2,80,10.7
2035,2,81,10.0
2035,2,82,9.3
2035,2,83,8.7
2035,2,84,8.1
2035,2,85,7.5
2035,2,86,7.0
2035,2,87,6.4
2035,2,88,5.9
2035,2,89,5.4
2035,2,90,5.0
2035,1,55,28.2
2035,1,56,27.3
2035,1,57,26.4
2035,1,58,25.6
2035,1,59,24.7
2035,1,60,23.9
2035,1,61,23.0
2035,1,62,22.2
2035,1,63,21.4
2035,1,64,20.6
2035,1,65,19.8
2035,1,66,19.0
2035,1,67,18.3
2035,1,68,17.5
2035,1,69,16.7
2035,1,70,16.0
2035,1,71,15.2
2035,1,72,14.5
2035,1,73,13.8
2035,1,74,13.1
2035,1,75,12.4
2035,1,76,11.7
2035,1,77,11.1
2035,1,78,10.4
2035,1,79,9.8
2035,1,80,9.2
2035,1,81,8.6
2035,1,82,8.0
2035,1,83,7.5
2035,1,84,7.0
2035,1,85,6.5
2035,1,86,6.0
2035,1,87,5.5
2035,1,88,5.1
2035,1,89,4.7
2035,1,90,4.3
2036,2,55,31.3
2036,2,56,30.4
2036,2,57,29.5
2036,2,58,28.6
2036,2,59,27.7
2036,2,60,26.9
2036,2,61,26.0
2036,2,62,25.1
2036,2,63,24.2
2036,2,64,23.4
2036,2,65,22.5
2036,2,66,21.7
2036,2,67,20.8
2036,2,68,20.0
2036,2,69,19.1
2036,2,70,18.3
2036,2,71,17.5
2036,2,72,16.7
2036,2,73,15.9
2036,2,74,15.1
2036,2,75,14.4
2036,2,76,13.6
2036,2,77,12.9
2036,2,78,12.1
2036,2,79,11.4
2036,2,80,10.7
2036,2,81,10.0
2036,2,82,9.4
2036,2,83,8.8
2036,2,84,8.1
2036,2,85,7.6
2036,2,86,7.0
2036,2,87,6.5
2036,2,88,5.9
2036,2,89,5.5
2036,2,90,5.0
2036,1,55,28.3
2036,1,56,27.4
2036,1,57,26.5
2036,1,58,25.6
2036,1,59,24.8
2036,1,60,23.9
2036,1,61,23.1
2036,1,62,22.3
2036,1,63,21.5
2036,1,64,20.7
2036,1,65,19.9
2036,1,66,19.1
2036,1,67,18.3
2036,1,68,17.5
2036,1,69,16.8
2036,1,70,16.0
2036,1,71,15.3
2036,1,72,14.6
2036,1,73,13.9
2036,1,74,13.2
2036,1,75,12.5
2036,1,76,11.8
2036,1,77,11.1
2036,1,78,10.5
2036,1,79,9.8
2036,1,80,9.2
2036,1,81,8.6
2036,1,82,8.1
2036,1,83,7.5
2036,1,84,7.0
2036,1,85,6.5
2036,1,86,6.0
2036,1,87,5.6
2036,1,88,5.1
2036,1,89,4.7
2036,1,90,4.3
2037,2,55,31.4
2037,2,56,30.5
2037,2,57,29.6
2037,2,58,28.7
2037,2,59,27.8
2037,2,60,26.9
2037,2,61,26.1
2037,2,62,25.2
2037,2,63,24.3
2037,2,64,23.4
2037,2,65,22.6
2037,2,66,21.7
2037,2,67,20.9
2037,2,68,20.0
2037,2,69,19.2
2037,2,70,18.4
2037,2,71,17.6
2037,2,72,16.8
2037,2,73,16.0
2037,2,74,15.2
2037,2,75,14.4
2037,2,76,13.7
2037,2,77,12.9
2037,2,78,12.2
2037,2,79,11.5
2037,2,80,10.8
2037,2,81,10.1
2037,2,82,9.4
2037,2,83,8.8
2037,2,84,8.2
2037,2,85,7.6
2037,2,86,7.0
2037,2,87,6.5
2037,2,88,6.0
2037,2,89,5.5
2037,2,90,5.0
2037,1,55,28.3
2037,1,56,27.5
2037,1,57,26.6
2037,1,58,25.7
2037,1,59,24.9
2037,1,60,24.0
2037,1,61,23.2
2037,1,62,22.4
2037,1,63,21.5
2037,1,64,20.7
2037,1,65,19.9
2037,1,66,19.2
2037,1,67,18.4
2037,1,68,17.6
2037,1,69,16.8
2037,1,70,16.1
2037,1,71,15.4
2037,1,72,14.6
2037,1,73,13.9
2037,1,74,13.2
2037,1,75,12.5
2037,1,76,11.8
2037,1,77,11.2
2037,1,78,10.5
2037,1,79,9.9
2037,1,80,9.3
2037,1,81,8.7
2037,1,82,8.1
2037,1,83,7.6
2037,1,84,7.0
2037,1,85,6.5
2037,1,86,6.0
2037,1,87,5.6
2037,1,88,5.2
2037,1,89,4.7
2037,1,90,4.4
2038,2,55,31.5
2038,2,56,30.6
2038,2,57,29.7
2038,2,58,28.8
2038,2,59,27.9
2038,2,60,27.0
2038,2,61,26.1
2038,2,62,25.3
2038,2,63,24.4
2038,2,64,23.5
2038,2,65,22.7
2038,2,66,21.8
2038,2,67,21.0
2038,2,68,20.1
2038,2,69,19.3
2038,2,70,18.5
2038,2,71,17.7
2038,2,72,16.8
2038,2,73,16.1
2038,2,74,15.3
2038,2,75,14.5
2038,2,76,13.7
2038,2,77,13.0
2038,2,78,12.3
2038,2,79,11.5
2038,2,80,10.8
2038,2,81,10.1
2038,2,82,9.5
2038,2,83,8.8
2038,2,84,8.2
2038,2,85,7.6
2038,2,86,7.1
2038,2,87,6.5
2038,2,88,6.0
2038,2,89,5.5
2038,2,90,5.1
2038,1,55,28.4
2038,1,56,27.5
2038,1,57,26.7
2038,1,58,25.8
2038,1,59,24.9
2038,1,60,24.1
2038,1,61,23.3
2038,1,62,22.4
2038,1,63,21.6
2038,1,64,20.8
2038,1,65,20.0
2038,1,66,19.2
2038,1,67,18.4
2038,1,68,17.7
2038,1,69,16.9
2038,1,70,16.2
2038,1,71,15.4
2038,1,72,14.7
2038,1,73,14.0
2038,1,74,13.3
2038,1,75,12.6
2038,1,76,11.9
2038,1,77,11.2
2038,1,78,10.6
2038,1,79,9.9
2038,1,80,9.3
2038,1,81,8.7
2038,1,82,8.2
2038,1,83,7.6
2038,1,84,7.1
2038,1,85,6.6
2038,1,86,6.1
2038,1,87,5.6
2038,1,88,5.2
2038,1,89,4.8
2038,1,90,4.4
2039,2,55,31.6
2039,2,56,30.7
2039,2,57,29.8
2039,2,58,28.9
2039,2,59,28.0
2039,2,60,27.1
2039,2,61,26.2
2039,2,62,25.3
2039,2,63,24.5
2039,2,64,23.6
2039,2,65,22.7
2039,2,66,21.9
2039,2,67,21.0
2039,2,68,20.2
2039,2,69,19.4
2039,2,70,18.5
2039,2,71,17.7
2039,2,72,16.9
2039,2,73,16.1
2039,2,74,15.3
2039,2,75,14.6
2039,2,76,13.8
2039,2,77,13.0
2039,2,78,12.3
2039,2,79,11.6
2039,2,80,10.9
2039,2,81,10.2
2039,2,82,9.5
2039,2,83,8.9
2039,2,84,8.3
2039,2,85,7.7
2039,2,86,7.1
2039,2,87,6.6
2039,2,88,6.0
2039,2,89,5.6
2039,2,90,5.1
2039,1,55,28.5
2039,1,56,27.6
2039,1,57,26.8
2039,1,58,25.9
2039,1,59,25.0
2039,1,60,24.2
2039,1,61,23.3
2039,1,62,22.5
2039,1,63,21.7
2039,1,64,20.9
2039,1,65,20.1
2039,1,66,19.3
2039,1,67,18.5
2039,1,68,17.7
2039,1,69,17.0
2039,1,70,16.2
2039,1,71,15.5
2039,1,72,14.7
2039,1,73,14.0
2039,1,74,13.3
2039,1,75,12.6
2039,1,76,11.9
2039,1,77,11.3
2039,1,78,10.6
2039,1,79,10.0
2039,1,80,9.4
2039,1,81,8.8
2039,1,82,8.2
2039,1,83,7.6
2039,1,84,7.1
2039,1,85,6.6
2039,1,86,6.1
2039,1,87,5.6
2039,1,88,5.2
2039,1,89,4.8
2039,1,90,4.4
2040,2,55,31.7
2040,2,56,30.8
2040,2,57,29.9
2040,2,58,29.0
2040,2,59,28.1
2040,2,60,27.2
2040,2,61,26.3
2040,2,62,25.4
2040,2,63,24.5
2040,2,64,23.7
2040,2,65,22.8
2040,2,66,22.0
2040,2,67,21.1
2040,2,68,20.3
2040,2,69,19.4
2040,2,70,18.6
2040,2,71,17.8
2040,2,72,17.0
2040,2,73,16.2
2040,2,74,15.4
2040,2,75,14.6
2040,2,76,13.9
2040,2,77,13.1
2040,2,78,12.4
2040,2,79,11.6
2040,2,80,10.9
2040,2,81,10.2
2040,2,82,9.6
2040,2,83,8.9
2040,2,84,8.3
2040,2,85,7.7
2040,2,86,7.1
2040,2,87,6.6
2040,2,88,6.1
2040,2,89,5.6
2040,2,90,5.1
2040,1,55,28.6
2040,1,56,27.7
2040,1,57,26.8
2040,1,58,26.0
2040,1,59,25.1
2040,1,60,24.3
2040,1,61,23.4
2040,1,62,22.6
2040,1,63,21.8
2040,1,64,21.0
2040,1,65,20.2
2040,1,66,19.4
2040,1,67,18.6
2040,1,68,17.8
2040,1,69,17.0
2040,1,70,16.3
2040,1,71,15.5
2040,1,72,14.8
2040,1,73,14.1
2040,1,74,13.4
2040,1,75,12.7
2040,1,76,12.0
2040,1,77,11.3
2040,1,78,10.7
2040,1,79,10.0
2040,1,80,9.4
2040,1,81,8.8
2040,1,82,8.2
2040,1,83,7.7
2040,1,84,7.1
2040,1,85,6.6
2040,1,86,6.1
2040,1,87,5.7
2040,1,88,5.2
2040,1,89,4.8
2040,1,90,4.4
2041,2,55,31.8
2041,2,56,30.8
2041,2,57,29.9
2041,2,58,29.0
2041,2,59,28.1
2041,2,60,27.3
2041,2,61,26.4
2041,2,62,25.5
2041,2,63,24.6
2041,2,64,23.7
2041,2,65,22.9
2041,2,66,22.0
2041,2,67,21.2
2041,2,68,20.3
2041,2,69,19.5
2041,2,70,18.7
2041,2,71,17.9
2041,2,72,17.0
2041,2,73,16.2
2041,2,74,15.5
2041,2,75,14.7
2041,2,76,13.9
2041,2,77,13.2
2041,2,78,12.4
2041,2,79,11.7
2041,2,80,11.0
2041,2,81,10.3
2041,2,82,9.6
2041,2,83,9.0
2041,2,84,8.4
2041,2,85,7.8
2041,2,86,7.2
2041,2,87,6.6
2041,2,88,6.1
2041,2,89,5.6
2041,2,90,5.1
2041,1,55,28.7
2041,1,56,27.8
2041,1,57,26.9
2041,1,58,26.1
2041,1,59,25.2
2041,1,60,24.3
2041,1,61,23.5
2041,1,62,22.7
2041,1,63,21.8
2041,1,64,21.0
2041,1,65,20.2
2041,1,66,19.4
2041,1,67,18.7
2041,1,68,17.9
2041,1,69,17.1
2041,1,70,16.4
2041,1,71,15.6
2041,1,72,14.9
2041,1,73,14.1
2041,1,74,13.4
2041,1,75,12.7
2041,1,76,12.1
2041,1,77,11.4
2041,1,78,10.7
2041,1,79,10.1
2041,1,80,9.5
2041,1,81,8.9
2041,1,82,8.3
2041,1,83,7.7
2041,1,84,7.2
2041,1,85,6.7
2041,1,86,6.2
2041,1,87,5.7
2041,1,88,5.3
2041,1,89,4.8
2041,1,90,4.5
2042,2,55,31.8
2042,2,56,30.9
2042,2,57,30.0
2042,2,58,29.1
2042,2,59,28.2
2042,2,60,27.3
2042,2,61,26.4
2042,2,62,25.6
2042,2,63,24.7
2042,2,64,23.8
2042,2,65,23.0
2042,2,66,22.1
2042,2,67,21.2
2042,2,68,20.4
2042,2,69,19.6
2042,2,70,18.7
2042,2,71,17.9
2042,2,72,17.1
2042,2,73,16.3
2042,2,74,15.5
2042,2,75,14.7
2042,2,76,14.0
2042,2,77,13.2
2042,2,78,12.5
2042,2,79,11.7
2042,2,80,11.0
2042,2,81,10.3
2042,2,82,9.7
2042,2,83,9.0
2042,2,84,8.4
2042,2,85,7.8
2042,2,86,7.2
2042,2,87,6.7
2042,2,88,6.1
2042,2,89,5.6
2042,2,90,5.2
2042,1,55,28.8
2042,1,56,27.9
2042,1,57,27.0
2042,1,58,26.1
2042,1,59,25.3
2042,1,60,24.4
2042,1,61,23.6
2042,1,62,22.8
2042,1,63,21.9
2042,1,64,21.1
2042,1,65,20.3
2042,1,66,19.5
2042,1,67,18.7
2042,1,68,17.9
2042,1,69,17.2
2042,1,70,16.4
2042,1,71,15.7
2042,1,72,14.9
2042,1,73,14.2
2042,1,74,13.5
2042,1,75,12.8
2042,1,76,12.1
2042,1,77,11.4
2042,1,78,10.8
2042,1,79,10.1
2042,1,80,9.5
2042,1,81,8.9
2042,1,82,8.3
2042,1,83,7.8
2042,1,84,7.2
2042,1,85,6.7
2042,1,86,6.2
2042,1,87,5.7
2042,1,88,5.3
2042,1,89,4.9
2042,1,90,4.5
2043,2,55,31.9
2043,2,56,31.0
2043,2,57,30.1
2043,2,58,29.2
2043,2,59,28.3
2043,2,60,27.4
2043,2,61,26.5
2043,2,62,25.6
2043,2,63,24.8
2043,2,64,23.9
2043,2,65,23.0
2043,2,66,22.2
2043,2,67,21.3
2043,2,68,20.5
2043,2,69,19.6
2043,2,70,18.8
2043,2,71,18.0
2043,2,72,17.2
2043,2,73,16.4
2043,2,74,15.6
2043,2,75,14.8
2043,2,76,14.0
2043,2,77,13.3
2043,2,78,12.5
2043,2,79,11.8
2043,2,80,11.1
2043,2,81,10.4
2043,2,82,9.7
2043,2,83,9.1
2043,2,84,8.4
2043,2,85,7.8
2043,2,86,7.3
2043,2,87,6.7
2043,2,88,6.2
2043,2,89,5.7
2043,2,90,5.2
2043,1,55,28.9
2043,1,56,28.0
2043,1,57,27.1
2043,1,58,26.2
2043,1,59,25.4
2043,1,60,24.5
2043,1,61,23.7
2043,1,62,22.8
2043,1,63,22.0
2043,1,64,21.2
2043,1,65,20.4
2043,1,66,19.6
2043,1,67,18.8
2043,1,68,18.0
2043,1,69,17.2
2043,1,70,16.5
2043,1,71,15.7
2043,1,72,15.0
2043,1,73,14.3
2043,1,74,13.6
2043,1,75,12.9
2043,1,76,12.2
2043,1,77,11.5
2043,1,78,10.8
2043,1,79,10.2
2043,1,80,9.6
2043,1,81,9.0
2043,1,82,8.4
2043,1,83,7.8
2043,1,84,7.3
2043,1,85,6.7
2043,1,86,6.2
2043,1,87,5.8
2043,1,88,5.3
2043,1,89,4.9
2043,1,90,4.5
2044,2,55,32.0
2044,2,56,31.1
2044,2,57,30.2
2044,2,58,29.3
2044,2,59,28.4
2044,2,60,27.5
2044,2,61,26.6
2044,2,62,25.7
2044,2,63,24.8
2044,2,64,24.0
2044,2,65,23.1
2044,2,66,22.2
2044,2,67,21.4
2044,2,68,20.5
2044,2,69,19.7
2044,2,70,18.9
2044,2,71,18.1
2044,2,72,17.2
2044,2,73,16.4
2044,2,74,15.6
2044,2,75,14.9
2044,2,76,14.1
2044,2,77,13.3
2044,2,78,12.6
2044,2,79,11.9
2044,2,80,11.1
2044,2,81,10.4
2044,2,82,9.8
2044,2,83,9.1
2044,2,84,8.5
2044,2,85,7.9
2044,2,86,7.3
2044,2,87,6.7
2044,2,88,6.2
2044,2,89,5.7
2044,2,90,5.2
2044,1,55,29.0
2044,1,56,28.1
2044,1,57,27.2
2044,1,58,26.3
2044,1,59,25.4
2044,1,60,24.6
2044,1,61,23.7
2044,1,62,22.9
2044,1,63,22.1
2044,1,64,21.3
2044,1,65,20.5
2044,1,66,19.7
2044,1,67,18.9
2044,1,68,18.1
2044,1,69,17.3
2044,1,70,16.6
2044,1,71,15.8
2044,1,72,15.1
2044,1,73,14.3
2044,1,74,13.6
2044,1,75,12.9
2044,1,76,12.2
2044,1,77,11.6
2044,1,78,10.9
2044,1,79,10.2
2044,1,80,9.6
2044,1,81,9.0
2044,1,82,8.4
2044,1,83,7.8
2044,1,84,7.3
2044,1,85,6.8
2044,1,86,6.3
2044,1,87,5.8
2044,1,88,5.4
2044,1,89,4.9
2044,1,90,4.5
2045,2,55,32.1
2045,2,56,31.2
2045,2,57,30.3
2045,2,58,29.4
2045,2,59,28.5
2045,2,60,27.6
2045,2,61,26.7
2045,2,62,25.8
2045,2,63,24.9
2045,2,64,24.0
2045,2,65,23.2
2045,2,66,22.3
2045,2,67,21.5
2045,2,68,20.6
2045,2,69,19.8
2045,2,70,18.9
2045,2,71,18.1
2045,2,72,17.3
2045,2,73,16.5
2045,2,74,15.7
2045,2,75,14.9
2045,2,76,14.2
2045,2,77,13.4
2045,2,78,12.6
2045,2,79,11.9
2045,2,80,11.2
2045,2,81,10.5
2045,2,82,9.8
2045,2,83,9.2
2045,2,84,8.5
2045,2,85,7.9
2045,2,86,7.3
2045,2,87,6.8
2045,2,88,6.3
2045,2,89,5.7
2045,2,90,5.3
2045,1,55,29.0
2045,1,56,28.2
2045,1,57,27.3
2045,1,58,26.4
2045,1,59,25.5
2045,1,60,24.7
2045,1,61,23.8
2045,1,62,23.0
2045,1,63,22.2
2045,1,64,21.3
2045,1,65,20.5
2045,1,66,19.7
2045,1,67,18.9
2045,1,68,18.2
2045,1,69,17.4
2045,1,70,16.6
2045,1,71,15.9
2045,1,72,15.1
2045,1,73,14.4
2045,1,74,13.7
2045,1,75,13.0
2045,1,76,12.3
2045,1,77,11.6
2045,1,78,10.9
2045,1,79,10.3
2045,1,80,9.7
2045,1,81,9.1
2045,1,82,8.5
2045,1,83,7.9
2045,1,84,7.3
2045,1,85,6.8
2045,1,86,6.3
2045,1,87,5.8
2045,1,88,5.4
2045,1,89,5.0
2045,1,90,4.6
2046,2,55,32.2
2046,2,56,31.3
2046,2,57,30.3
2046,2,58,29.4
2046,2,59,28.5
2046,2,60,27.6
2046,2,61,26.8
2046,2,62,25.9
2046,2,63,25.0
2046,2,64,24.1
2046,2,65,23.3
2046,2,66,22.4
2046,2,67,21.5
2046,2,68,20.7
2046,2,69,19.8
2046,2,70,19.0
2046,2,71,18.2
2046,2,72,17.4
2046,2,73,16.6
2046,2,74,15.8
2046,2,75,15.0
2046,2,76,14.2
2046,2,77,13.4
2046,2,78,12.7
2046,2,79,12.0
2046,2,80,11.2
2046,2,81,10.5
2046,2,82,9.9
2046,2,83,9.2
2046,2,84,8.6
2046,2,85,8.0
2046,2,86,7.4
2046,2,87,6.8
2046,2,88,6.3
2046,2,89,5.8
2046,2,90,5.3
2046,1,55,29.1
2046,1,56,28.2
2046,1,57,27.4
2046,1,58,26.5
2046,1,59,25.6
2046,1,60,24.8
2046,1,61,23.9
2046,1,62,23.1
2046,1,63,22.2
2046,1,64,21.4
2046,1,65,20.6
2046,1,66,19.8
2046,1,67,19.0
2046,1,68,18.2
2046,1,69,17.5
2046,1,70,16.7
2046,1,71,15.9
2046,1,72,15.2
2046,1,73,14.5
2046,1,74,13.7
2046,1,75,13.0
2046,1,76,12.3
2046,1,77,11.7
2046,1,78,11.0
2046,1,79,10.4
2046,1,80,9.7
2046,1,81,9.1
2046,1,82,8.5
2046,1,83,7.9
2046,1,84,7.4
2046,1,85,6.9
2046,1,86,6.4
2046,1,87,5.9
2046,1,88,5.4
2046,1,89,5.0
2046,1,90,4.6
2047,2,55,32.3
2047,2,56,31.3
2047,2,57,30.4
2047,2,58,29.5
2047,2,59,28.6
2047,2,60,27.7
2047,2,61,26.8
2047,2,62,25.9
2047,2,63,25.1
2047,2,64,24.2
2047,2,65,23.3
2047,2,66,22.5
2047,2,67,21.6
2047,2,68,20.8
2047,2,69,19.9
2047,2,70,19.1
2047,2,71,18.3
2047,2,72,17.4
2047,2,73,16.6
2047,2,74,15.8
2047,2,75,15.0
2047,2,76,14.3
2047,2,77,13.5
2047,2,78,12.8
2047,2,79,12.0
2047,2,80,11.3
2047,2,81,10.6
2047,2,82,9.9
2047,2,83,9.3
2047,2,84,8.6
2047,2,85,8.0
2047,2,86,7.4
2047,2,87,6.9
2047,2,88,6.3
2047,2,89,5.8
2047,2,90,5.3
2047,1,55,29.2
2047,1,56,28.3
2047,1,57,27.4
2047,1,58,26.6
2047,1,59,25.7
2047,1,60,24.8
2047,1,61,24.0
2047,1,62,23.2
2047,1,63,22.3
2047,1,64,21.5
2047,1,65,20.7
2047,1,66,19.9
2047,1,67,19.1
2047,1,68,18.3
2047,1,69,17.5
2047,1,70,16.8
2047,1,71,16.0
2047,1,72,15.3
2047,1,73,14.5
2047,1,74,13.8
2047,1,75,13.1
2047,1,76,12.4
2047,1,77,11.7
2047,1,78,11.1
2047,1,79,10.4
2047,1,80,9.8
2047,1,81,9.2
2047,1,82,8.6
2047,1,83,8.0
2047,1,84,7.4
2047,1,85,6.9
2047,1,86,6.4
2047,1,87,5.9
2047,1,88,5.5
2047,1,89,5.0
2047,1,90,4.6
2048,2,55,32.3
2048,2,56,31.4
2048,2,57,30.5
2048,2,58,29.6
2048,2,59,28.7
2048,2,60,27.8
2048,2,61,26.9
2048,2,62,26.0
2048,2,63,25.1
2048,2,64,24.3
2048,2,65,23.4
2048,2,66,22.5
2048,2,67,21.7
2048,2,68,20.8
2048,2,69,20.0
2048,2,70,19.1
2048,2,71,18.3
2048,2,72,17.5
2048,2,73,16.7
2048,2,74,15.9
2048,2,75,15.1
2048,2,76,14.3
2048,2,77,13.6
2048,2,78,12.8
2048,2,79,12.1
2048,2,80,11.4
2048,2,81,10.7
2048,2,82,10.0
2048,2,83,9.3
2048,2,84,8.7
2048,2,85,8.1
2048,2,86,7.5
2048,2,87,6.9
2048,2,88,6.4
2048,2,89,5.8
2048,2,90,5.3
2048,1,55,29.3
2048,1,56,28.4
2048,1,57,27.5
2048,1,58,26.7
2048,1,59,25.8
2048,1,60,24.9
2048,1,61,24.1
2048,1,62,23.2
2048,1,63,22.4
2048,1,64,21.6
2048,1,65,20.8
2048,1,66,20.0
2048,1,67,19.2
2048,1,68,18.4
2048,1,69,17.6
2048,1,70,16.8
2048,1,71,16.1
2048,1,72,15.3
2048,1,73,14.6
2048,1,74,13.9
2048,1,75,13.2
2048,1,76,12.5
2048,1,77,11.8
2048,1,78,11.1
2048,1,79,10.5
2048,1,80,9.8
2048,1,81,9.2
2048,1,82,8.6
2048,1,83,8.0
2048,1,84,7.5
2048,1,85,6.9
2048,1,86,6.4
2048,1,87,6.0
2048,1,88,5.5
2048,1,89,5.1
2048,1,90,4.6
2049,2,55,32.4
2049,2,56,31.5
2049,2,57,30.6
2049,2,58,29.7
2049,2,59,28.8
2049,2,60,27.9
2049,2,61,27.0
2049,2,62,26.1
2049,2,63,25.2
2049,2,64,24.3
2049,2,65,23.5
2049,2,66,22.6
2049,2,67,21.7
2049,2,68,20.9
2049,2,69,20.1
2049,2,70,19.2
2049,2,71,18.4
2049,2,72,17.6
2049,2,73,16.8
2049,2,74,16.0
2049,2,75,15.2
2049,2,76,14.4
2049,2,77,13.6
2049,2,78,12.9
2049,2,79,12.1
2049,2,80,11.4
2049,2,81,10.7
2049,2,82,10.0
2049,2,83,9.4
2049,2,84,8.7
2049,2,85,8.1
2049,2,86,7.5
2049,2,87,6.9
2049,2,88,6.4
2049,2,89,5.9
2049,2,90,5.4
2049,1,55,29.4
2049,1,56,28.5
2049,1,57,27.6
2049,1,58,26.7
2049,1,59,25.9
2049,1,60,25.0
2049,1,61,24.2
2049,1,62,23.3
2049,1,63,22.5
2049,1,64,21.7
2049,1,65,20.9
2049,1,66,20.0
2049,1,67,19.2
2049,1,68,18.5
2049,1,69,17.7
2049,1,70,16.9
2049,1,71,16.2
2049,1,72,15.4
2049,1,73,14.7
2049,1,74,13.9
2049,1,75,13.2
2049,1,76,12.5
2049,1,77,11.8
2049,1,78,11.2
2049,1,79,10.5
2049,1,80,9.9
2049,1,81,9.3
2049,1,82,8.7
2049,1,83,8.1
2049,1,84,7.5
2049,1,85,7.0
2049,1,86,6.5
2049,1,87,6.0
2049,1,88,5.5
2049,1,89,5.1
2049,1,90,4.7
2050,2,55,32.5
2050,2,56,31.6
2050,2,57,30.7
2050,2,58,29.8
2050,2,59,28.9
2050,2,60,28.0
2050,2,61,27.1
2050,2,62,26.2
2050,2,63,25.3
2050,2,64,24.4
2050,2,65,23.5
2050,2,66,22.7
2050,2,67,21.8
2050,2,68,21.0
2050,2,69,20.1
2050,2,70,19.3
2050,2,71,18.5
2050,2,72,17.6
2050,2,73,16.8
2050,2,74,16.0
2050,2,75,15.2
2050,2,76,14.4
2050,2,77,13.7
2050,2,78,12.9
2050,2,79,12.2
2050,2,80,11.5
2050,2,81,10.8
2050,2,82,10.1
2050,2,83,9.4
2050,2,84,8.8
2050,2,85,8.1
2050,2,86,7.5
2050,2,87,7.0
2050,2,88,6.4
2050,2,89,5.9
2050,2,90,5.4
2050,1,55,29.5
2050,1,56,28.6
2050,1,57,27.7
2050,1,58,26.8
2050,1,59,26.0
2050,1,60,25.1
2050,1,61,24.3
2050,1,62,23.4
2050,1,63,22.6
2050,1,64,21.7
2050,1,65,20.9
2050,1,66,20.1
2050,1,67,19.3
2050,1,68,18.5
2050,1,69,17.8
2050,1,70,17.0
2050,1,71,16.2
2050,1,72,15.5
2050,1,73,14.7
2050,1,74,14.0
2050,1,75,13.3
2050,1,76,12.6
2050,1,77,11.9
2050,1,78,11.2
2050,1,79,10.6
2050,1,80,9.9
2050,1,81,9.3
2050,1,82,8.7
2050,1,83,8.1
2050,1,84,7.6
2050,1,85,7.0
2050,1,86,6.5
2050,1,87,6.0
2050,1,88,5.6
2050,1,89,5.1
2050,1,90,4.7
2051,2,55,32.6
2051,2,56,31.7
2051,2,57,30.8
2051,2,58,29.8
2051,2,59,28.9
2051,2,60,28.0
2051,2,61,27.1
2051,2,62,26.3
2051,2,63,25.4
2051,2,64,24.5
2051,2,65,23.6
2051,2,66,22.8
2051,2,67,21.9
2051,2,68,21.0
2051,2,69,20.2
2051,2,70,19.3
2051,2,71,18.5
2051,2,72,17.7
2051,2,73,16.9
2051,2,74,16.1
2051,2,75,15.3
2051,2,76,14.5
2051,2,77,13.7
2051,2,78,13.0
2051,2,79,12.2
2051,2,80,11.5
2051,2,81,10.8
2051,2,82,10.1
2051,2,83,9.4
2051,2,84,8.8
2051,2,85,8.2
2051,2,86,7.6
2051,2,87,7.0
2051,2,88,6.5
2051,2,89,5.9
2051,2,90,5.4
2051,1,55,29.6
2051,1,56,28.7
2051,1,57,27.8
2051,1,58,26.9
2051,1,59,26.0
2051,1,60,25.2
2051,1,61,24.3
2051,1,62,23.5
2051,1,63,22.7
2051,1,64,21.8
2051,1,65,21.0
2051,1,66,20.2
2051,1,67,19.4
2051,1,68,18.6
2051,1,69,17.8
2051,1,70,17.1
2051,1,71,16.3
2051,1,72,15.5
2051,1,73,14.8
2051,1,74,14.1
2051,1,75,13.4
2051,1,76,12.7
2051,1,77,12.0
2051,1,78,11.3
2051,1,79,10.6
2051,1,80,10.0
2051,1,81,9.4
2051,1,82,8.8
2051,1,83,8.2
2051,1,84,7.6
2051,1,85,7.1
2051,1,86,6.6
2051,1,87,6.1
2051,1,88,5.6
2051,1,89,5.2
2051,1,90,4.7
2052,2,55,32.7
2052,2,56,31.7
2052,2,57,30.8
2052,2,58,29.9
2052,2,59,29.0
2052,2,60,28.1
2052,2,61,27.2
2052,2,62,26.3
2052,2,63,25.4
2052,2,64,24.6
2052,2,65,23.7
2052,2,66,22.8
2052,2,67,22.0
2052,2,68,21.1
2052,2,69,20.3
2052,2,70,19.4
2052,2,71,18.6
2052,2,72,17.8
2052,2,73,16.9
2052,2,74,16.1
2052,2,75,15.4
2052,2,76,14.6
2052,2,77,13.8
2052,2,78,13.0
2052,2,79,12.3
2052,2,80,11.6
2052,2,81,10.9
2052,2,82,10.2
2052,2,83,9.5
2052,2,84,8.8
2052,2,85,8.2
2052,2,86,7.6
2052,2,87,7.1
2052,2,88,6.5
2052,2,89,6.0
2052,2,90,5.5
2052,1,55,29.7
2052,1,56,28.8
2052,1,57,27.9
2052,1,58,27.0
2052,1,59,26.1
2052,1,60,25.3
2052,1,61,24.4
2052,1,62,23.6
2052,1,63,22.7
2052,1,64,21.9
2052,1,65,21.1
2052,1,66,20.3
2052,1,67,19.5
2052,1,68,18.7
2052,1,69,17.9
2052,1,70,17.1
2052,1,71,16.4
2052,1,72,15.6
2052,1,73,14.9
2052,1,74,14.1
2052,1,75,13.4
2052,1,76,12.7
2052,1,77,12.0
2052,1,78,11.3
2052,1,79,10.7
2052,1,80,10.0
2052,1,81,9.4
2052,1,82,8.8
2052,1,83,8.2
2052,1,84,7.7
2052,1,85,7.1
2052,1,86,6.6
2052,1,87,6.1
2052,1,88,5.6
2052,1,89,5.2
2052,1,90,4.8
2053,2,55,32.8
2053,2,56,31.8
2053,2,57,30.9
2053,2,58,30.0
2053,2,59,29.1
2053,2,60,28.2
2053,2,61,27.3
2053,2,62,26.4
2053,2,63,25.5
2053,2,64,24.6
2053,2,65,23.8
2053,2,66,22.9
2053,2,67,22.0
2053,2,68,21.2
2053,2,69,20.3
2053,2,70,19.5
2053,2,71,18.7
2053,2,72,17.8
2053,2,73,17.0
2053,2,74,16.2
2053,2,75,15.4
2053,2,76,14.6
2053,2,77,13.9
2053,2,78,13.1
2053,2,79,12.4
2053,2,80,11.6
2053,2,81,10.9
2053,2,82,10.2
2053,2,83,9.5
2053,2,84,8.9
2053,2,85,8.3
2053,2,86,7.7
2053,2,87,7.1
2053,2,88,6.5
2053,2,89,6.0
2053,2,90,5.5
2053,1,55,29.8
2053,1,56,28.9
2053,1,57,28.0
2053,1,58,27.1
2053,1,59,26.2
2053,1,60,25.4
2053,1,61,24.5
2053,1,62,23.7
2053,1,63,22.8
2053,1,64,22.0
2053,1,65,21.2
2053,1,66,20.4
2053,1,67,19.6
2053,1,68,18.8
2053,1,69,18.0
2053,1,70,17.2
2053,1,71,16.4
2053,1,72,15.7
2053,1,73,14.9
2053,1,74,14.2
2053,1,75,13.5
2053,1,76,12.8
2053,1,77,12.1
2053,1,78,11.4
2053,1,79,10.7
2053,1,80,10.1
2053,1,81,9.5
2053,1,82,8.9
2053,1,83,8.3
2053,1,84,7.7
2053,1,85,7.2
2053,1,86,6.6
2053,1,87,6.1
2053,1,88,5.7
2053,1,89,5.2
2053,1,90,4.8
2054,2,55,32.8
2054,2,56,31.9
2054,2,57,31.0
2054,2,58,30.1
2054,2,59,29.2
2054,2,60,28.3
2054,2,61,27.4
2054,2,62,26.5
2054,2,63,25.6
2054,2,64,24.7
2054,2,65,23.8
2054,2,66,23.0
2054,2,67,22.1
2054,2,68,21.2
2054,2,69,20.4
2054,2,70,19.6
2054,2,71,18.7
2054,2,72,17.9
2054,2,73,17.1
2054,2,74,16.3
2054,2,75,15.5
2054,2,76,14.7
2054,2,77,13.9
2054,2,78,13.2
2054,2,79,12.4
2054,2,80,11.7
2054,2,81,11.0
2054,2,82,10.3
2054,2,83,9.6
2054,2,84,8.9
2054,2,85,8.3
2054,2,86,7.7
2054,2,87,7.1
2054,2,88,6.6
2054,2,89,6.0
2054,2,90,5.5
2054,1,55,29.8
2054,1,56,29.0
2054,1,57,28.1
2054,1,58,27.2
2054,1,59,26.3
2054,1,60,25.4
2054,1,61,24.6
2054,1,62,23.7
2054,1,63,22.9
2054,1,64,22.1
2054,1,65,21.2
2054,1,66,20.4
2054,1,67,19.6
2054,1,68,18.8
2054,1,69,18.0
2054,1,70,17.3
2054,1,71,16.5
2054,1,72,15.7
2054,1,73,15.0
2054,1,74,14.3
2054,1,75,13.5
2054,1,76,12.8
2054,1,77,12.1
2054,1,78,11.5
2054,1,79,10.8
2054,1,80,10.1
2054,1,81,9.5
2054,1,82,8.9
2054,1,83,8.3
2054,1,84,7.7
2054,1,85,7.2
2054,1,86,6.7
2054,1,87,6.2
2054,1,88,5.7
2054,1,89,5.2
2054,1,90,4.8
2055,2,55,32.9
2055,2,56,32.0
2055,2,57,31.1
2055,2,58,30.2
2055,2,59,29.3
2055,2,60,28.4
2055,2,61,27.5
2055,2,62,26.6
2055,2,63,25.7
2055,2,64,24.8
2055,2,65,23.9
2055,2,66,23.0
2055,2,67,22.2
2055,2,68,21.3
2055,2,69,20.5
2055,2,70,19.6
2055,2,71,18.8
2055,2,72,18.0
2055,2,73,17.1
2055,2,74,16.3
2055,2,75,15.5
2055,2,76,14.7
2055,2,77,14.0
2055,2,78,13.2
2055,2,79,12.5
2055,2,80,11.7
2055,2,81,11.0
2055,2,82,10.3
2055,2,83,9.6
2055,2,84,9.0
2055,2,85,8.4
2055,2,86,7.7
2055,2,87,7.2
2055,2,88,6.6
2055,2,89,6.1
2055,2,90,5.6
2055,1,55,29.9
2055,1,56,29.0
2055,1,57,28.1
2055,1,58,27.3
2055,1,59,26.4
2055,1,60,25.5
2055,1,61,24.7
2055,1,62,23.8
2055,1,63,23.0
2055,1,64,22.1
2055,1,65,21.3
2055,1,66,20.5
2055,1,67,19.7
2055,1,68,18.9
2055,1,69,18.1
2055,1,70,17.3
2055,1,71,16.6
2055,1,72,15.8
2055,1,73,15.1
2055,1,74,14.3
2055,1,75,13.6
2055,1,76,12.9
2055,1,77,12.2
2055,1,78,11.5
2055,1,79,10.8
2055,1,80,10.2
2055,1,81,9.6
2055,1,82,9.0
2055,1,83,8.4
2055,1,84,7.8
2055,1,85,7.2
2055,1,86,6.7
2055,1,87,6.2
2055,1,88,5.7
2055,1,89,5.3
2055,1,90,4.8
2056,2,55,33.0
2056,2,56,32.1
2056,2,57,31.2
2056,2,58,30.2
2056,2,59,29.3
2056,2,60,28.4
2056,2,61,27.5
2056,2,62,26.6
2056,2,63,25.7
2056,2,64,24.9
2056,2,65,24.0
2056,2,66,23.1
2056,2,67,22.2
2056,2,68,21.4
2056,2,69,20.5
2056,2,70,19.7
2056,2,71,18.9
2056,2,72,18.0
2056,2,73,17.2
2056,2,74,16.4
2056,2,75,15.6
2056,2,76,14.8
2056,2,77,14.0
2056,2,78,13.3
2056,2,79,12.5
2056,2,80,11.8
2056,2,81,11.1
2056,2,82,10.4
2056,2,83,9.7
2056,2,84,9.0
2056,2,85,8.4
2056,2,86,7.8
2056,2,87,7.2
2056,2,88,6.6
2056,2,89,6.1
2056,2,90,5.6
2056,1,55,30.0
2056,1,56,29.1
2056,1,57,28.2
2056,1,58,27.4
2056,1,59,26.5
2056,1,60,25.6
2056,1,61,24.8
2056,1,62,23.9
2056,1,63,23.1
2056,1,64,22.2
2056,1,65,21.4
2056,1,66,20.6
2056,1,67,19.8
2056,1,68,19.0
2056,1,69,18.2
2056,1,70,17.4
2056,1,71,16.6
2056,1,72,15.9
2056,1,73,15.1
2056,1,74,14.4
2056,1,75,13.7
2056,1,76,13.0
2056,1,77,12.3
2056,1,78,11.6
2056,1,79,10.9
2056,1,80,10.3
2056,1,81,9.6
2056,1,82,9.0
2056,1,83,8.4
2056,1,84,7.8
2056,1,85,7.3
2056,1,86,6.8
2056,1,87,6.3
2056,1,88,5.8
2056,1,89,5.3
2056,1,90,4.9
2057,2,55,33.1
2057,2,56,32.2
2057,2,57,31.2
2057,2,58,30.3
2057,2,59,29.4
2057,2,60,28.5
2057,2,61,27.6
2057,2,62,26.7
2057,2,63,25.8
2057,2,64,24.9
2057,2,65,24.1
2057,2,66,23.2
2057,2,67,22.3
2057,2,68,21.5
2057,2,69,20.6
2057,2,70,19.8
2057,2,71,18.9
2057,2,72,18.1
2057,2,73,17.3
2057,2,74,16.5
2057,2,75,15.7
2057,2,76,14.9
2057,2,77,14.1
2057,2,78,13.3
2057,2,79,12.6
2057,2,80,11.8
2057,2,81,11.1
2057,2,82,10.4
2057,2,83,9.7
2057,2,84,9.1
2057,2,85,8.4
2057,2,86,7.8
2057,2,87,7.2
2057,2,88,6.7
2057,2,89,6.1
2057,2,90,5.6
2057,1,55,30.1
2057,1,56,29.2
2057,1,57,28.3
2057,1,58,27.4
2057,1,59,26.6
2057,1,60,25.7
2057,1,61,24.8
2057,1,62,24.0
2057,1,63,23.1
2057,1,64,22.3
2057,1,65,21.5
2057,1,66,20.7
2057,1,67,19.9
2057,1,68,19.1
2057,1,69,18.3
2057,1,70,17.5
2057,1,71,16.7
2057,1,72,15.9
2057,1,73,15.2
2057,1,74,14.5
2057,1,75,13.7
2057,1,76,13.0
2057,1,77,12.3
2057,1,78,11.6
2057,1,79,11.0
2057,1,80,10.3
2057,1,81,9.7
2057,1,82,9.0
2057,1,83,8.5
2057,1,84,7.9
2057,1,85,7.3
2057,1,86,6.8
2057,1,87,6.3
2057,1,88,5.8
2057,1,89,5.3
2057,1,90,4.9
2058,2,55,33.2
2058,2,56,32.2
2058,2,57,31.3
2058,2,58,30.4
2058,2,59,29.5
2058,2,60,28.6
2058,2,61,27.7
2058,2,62,26.8
2058,2,63,25.9
2058,2,64,25.0
2058,2,65,24.1
2058,2,66,23.3
2058,2,67,22.4
2058,2,68,21.5
2058,2,69,20.7
2058,2,70,19.8
2058,2,71,19.0
2058,2,72,18.2
2058,2,73,17.3
2058,2,74,16.5
2058,2,75,15.7
2058,2,76,14.9
2058,2,77,14.1
2058,2,78,13.4
2058,2,79,12.6
2058,2,80,11.9
2058,2,81,11.2
2058,2,82,10.5
2058,2,83,9.8
2058,2,84,9.1
2058,2,85,8.5
2058,2,86,7.9
2058,2,87,7.3
2058,2,88,6.7
2058,2,89,6.2
2058,2,90,5.7
2058,1,55,30.2
2058,1,56,29.3
2058,1,57,28.4
2058,1,58,27.5
2058,1,59,26.6
2058,1,60,25.8
2058,1,61,24.9
2058,1,62,24.1
2058,1,63,23.2
2058,1,64,22.4
2058,1,65,21.6
2058,1,66,20.7
2058,1,67,19.9
2058,1,68,19.1
2058,1,69,18.3
2058,1,70,17.6
2058,1,71,16.8
2058,1,72,16.0
2058,1,73,15.3
2058,1,74,14.5
2058,1,75,13.8
2058,1,76,13.1
2058,1,77,12.4
2058,1,78,11.7
2058,1,79,11.0
2058,1,80,10.4
2058,1,81,9.7
2058,1,82,9.1
2058,1,83,8.5
2058,1,84,7.9
2058,1,85,7.4
2058,1,86,6.8
2058,1,87,6.3
2058,1,88,5.8
2058,1,89,5.4
2058,1,90,4.9
2059,2,55,33.2
2059,2,56,32.3
2059,2,57,31.4
2059,2,58,30.5
2059,2,59,29.6
2059,2,60,28.7
2059,2,61,27.8
2059,2,62,26.9
2059,2,63,26.0
2059,2,64,25.1
2059,2,65,24.2
2059,2,66,23.3
2059,2,67,22.5
2059,2,68,21.6
2059,2,69,20.7
2059,2,70,19.9
2059,2,71,19.0
2059,2,72,18.2
2059,2,73,17.4
2059,2,74,16.6
2059,2,75,15.8
2059,2,76,15.0
2059,2,77,14.2
2059,2,78,13.4
2059,2,79,12.7
2059,2,80,11.9
2059,2,81,11.2
2059,2,82,10.5
2059,2,83,9.8
2059,2,84,9.2
2059,2,85,8.5
2059,2,86,7.9
2059,2,87,7.3
2059,2,88,6.8
2059,2,89,6.2
2059,2,90,5.7
2059,1,55,30.3
2059,1,56,29.4
2059,1,57,28.5
2059,1,58,27.6
2059,1,59,26.7
2059,1,60,25.9
2059,1,61,25.0
2059,1,62,24.2
2059,1,63,23.3
2059,1,64,22.5
2059,1,65,21.6
2059,1,66,20.8
2059,1,67,20.0
2059,1,68,19.2
2059,1,69,18.4
2059,1,70,17.6
2059,1,71,16.9
2059,1,72,16.1
2059,1,73,15.3
2059,1,74,14.6
2059,1,75,13.9
2059,1,76,13.1
2059,1,77,12.4
2059,1,78,11.7
2059,1,79,11.1
2059,1,80,10.4
2059,1,81,9.8
2059,1,82,9.1
2059,1,83,8.5
2059,1,84,8.0
2059,1,85,7.4
2059,1,86,6.9
2059,1,87,6.4
2059,1,88,5.9
2059,1,89,5.4
2059,1,90,5.0
2060,2,55,33.3
2060,2,56,32.4
2060,2,57,31.5
2060,2,58,30.6
2060,2,59,29.6
2060,2,60,28.7
2060,2,61,27.8
2060,2,62,26.9
2060,2,63,26.0
2060,2,64,25.2
2060,2,65,24.3
2060,2,66,23.4
2060,2,67,22.5
2060,2,68,21.7
2060,2,69,20.8
2060,2,70,20.0
2060,2,71,19.1
2060,2,72,18.3
2060,2,73,17.5
2060,2,74,16.6
2060,2,75,15.8
2060,2,76,15.0
2060,2,77,14.3
2060,2,78,13.5
2060,2,79,12.7
2060,2,80,12.0
2060,2,81,11.3
2060,2,82,10.6
2060,2,83,9.9
2060,2,84,9.2
2060,2,85,8.6
2060,2,86,8.0
2060,2,87,7.4
2060,2,88,6.8
2060,2,89,6.2
2060,2,90,5.7
2060,1,55,30.4
2060,1,56,29.5
2060,1,57,28.6
2060,1,58,27.7
2060,1,59,26.8
2060,1,60,25.9
2060,1,61,25.1
2060,1,62,24.2
2060,1,63,23.4
2060,1,64,22.5
2060,1,65,21.7
2060,1,66,20.9
2060,1,67,20.1
2060,1,68,19.3
2060,1,69,18.5
2060,1,70,17.7
2060,1,71,16.9
2060,1,72,16.2
2060,1,73,15.4
2060,1,74,14.7
2060,1,75,13.9
2060,1,76,13.2
2060,1,77,12.5
2060,1,78,11.8
2060,1,79,11.1
2060,1,80,10.5
2060,1,81,9.8
2060,1,82,9.2
2060,1,83,8.6
2060,1,84,8.0
2060,1,85,7.5
2060,1,86,6.9
2060,1,87,6.4
2060,1,88,5.9
2060,1,89,5.4
2060,1,90,5.0
2061,2,55,33.4
2061,2,56,32.5
2061,2,57,31.6
2061,2,58,30.6
2061,2,59,29.7
2061,2,60,28.8
2061,2,61,27.9
2061,2,62,27.0
2061,2,63,26.1
2061,2,64,25.2
2061,2,65,24.3
2061,2,66,23.5
2061,2,67,22.6
2061,2,68,21.7
2061,2,69,20.9
2061,2,70,20.0
2061,2,71,19.2
2061,2,72,18.3
2061,2,73,17.5
2061,2,74,16.7
2061,2,75,15.9
2061,2,76,15.1
2061,2,77,14.3
2061,2,78,13.5
2061,2,79,12.8
2061,2,80,12.0
2061,2,81,11.3
2061,2,82,10.6
2061,2,83,9.9
2061,2,84,9.3
2061,2,85,8.6
2061,2,86,8.0
2061,2,87,7.4
2061,2,88,6.8
2061,2,89,6.3
2061,2,90,5.7
2061,1,55,30.5
2061,1,56,29.6
2061,1,57,28.7
2061,1,58,27.8
2061,1,59,26.9
2061,1,60,26.0
2061,1,61,25.2
2061,1,62,24.3
2061,1,63,23.5
2061,1,64,22.6
2061,1,65,21.8
2061,1,66,21.0
2061,1,67,20.2
2061,1,68,19.4
2061,1,69,18.6
2061,1,70,17.8
2061,1,71,17.0
2061,1,72,16.2
2061,1,73,15.5
2061,1,74,14.7
2061,1,75,14.0
2061,1,76,13.3
2061,1,77,12.6
2061,1,78,11.9
2061,1,79,11.2
2061,1,80,10.5
2061,1,81,9.9
2061,1,82,9.2
2061,1,83,8.6
2061,1,84,8.1
2061,1,85,7.5
2061,1,86,7.0
2061,1,87,6.4
2061,1,88,5.9
2061,1,89,5.5
2061,1,90,5.0
2062,2,55,33.5
2062,2,56,32.6
2062,2,57,31.6
2062,2,58,30.7
2062,2,59,29.8
2062,2,60,28.9
2062,2,61,28.0
2062,2,62,27.1
2062,2,63,26.2
2062,2,64,25.3
2062,2,65,24.4
2062,2,66,23.5
2062,2,67,22.7
2062,2,68,21.8
2062,2,69,20.9
2062,2,70,20.1
2062,2,71,19.2
2062,2,72,18.4
2062,2,73,17.6
2062,2,74,16.8
2062,2,75,16.0
2062,2,76,15.2
2062,2,77,14.4
2062,2,78,13.6
2062,2,79,12.8
2062,2,80,12.1
2062,2,81,11.4
2062,2,82,10.7
2062,2,83,10.0
2062,2,84,9.3
2062,2,85,8.7
2062,2,86,8.0
2062,2,87,7.4
2062,2,88,6.9
2062,2,89,6.3
2062,2,90,5.8
2062,1,55,30.6
2062,1,56,29.7
2062,1,57,28.8
2062,1,58,27.9
2062,1,59,27.0
2062,1,60,26.1
2062,1,61,25.3
2062,1,62,24.4
2062,1,63,23.5
2062,1,64,22.7
2062,1,65,21.9
2062,1,66,21.1
2062,1,67,20.2
2062,1,68,19.4
2062,1,69,18.6
2062,1,70,17.8
2062,1,71,17.1
2062,1,72,16.3
2062,1,73,15.5
2062,1,74,14.8
2062,1,75,14.0
2062,1,76,13.3
2062,1,77,12.6
2062,1,78,11.9
2062,1,79,11.2
2062,1,80,10.6
2062,1,81,9.9
2062,1,82,9.3
2062,1,83,8.7
2062,1,84,8.1
2062,1,85,7.5
2062,1,86,7.0
2062,1,87,6.5
2062,1,88,6.0
2062,1,89,5.5
2062,1,90,5.1
2063,2,55,33.6
2063,2,56,32.6
2063,2,57,31.7
2063,2,58,30.8
2063,2,59,29.9
2063,2,60,29.0
2063,2,61,28.1
2063,2,62,27.2
2063,2,63,26.3
2063,2,64,25.4
2063,2,65,24.5
2063,2,66,23.6
2063,2,67,22.7
2063,2,68,21.9
2063,2,69,21.0
2063,2,70,20.2
2063,2,71,19.3
2063,2,72,18.5
2063,2,73,17.6
2063,2,74,16.8
2063,2,75,16.0
2063,2,76,15.2
2063,2,77,14.4
2063,2,78,13.7
2063,2,79,12.9
2063,2,80,12.1
2063,2,81,11.4
2063,2,82,10.7
2063,2,83,10.0
2063,2,84,9.3
2063,2,85,8.7
2063,2,86,8.1
2063,2,87,7.5
2063,2,88,6.9
2063,2,89,6.3
2063,2,90,5.8
2063,1,55,30.6
2063,1,56,29.7
2063,1,57,28.8
2063,1,58,28.0
2063,1,59,27.1
2063,1,60,26.2
2063,1,61,25.3
2063,1,62,24.5
2063,1,63,23.6
2063,1,64,22.8
2063,1,65,22.0
2063,1,66,21.1
2063,1,67,20.3
2063,1,68,19.5
2063,1,69,18.7
2063,1,70,17.9
2063,1,71,17.1
2063,1,72,16.4
2063,1,73,15.6
2063,1,74,14.8
2063,1,75,14.1
2063,1,76,13.4
2063,1,77,12.7
2063,1,78,12.0
2063,1,79,11.3
2063,1,80,10.6
2063,1,81,10.0
2063,1,82,9.3
2063,1,83,8.7
2063,1,84,8.1
2063,1,85,7.6
2063,1,86,7.0
2063,1,87,6.5
2063,1,88,6.0
2063,1,89,5.5
2063,1,90,5.1
2064,2,55,33.6
2064,2,56,32.7
2064,2,57,31.8
2064,2,58,30.9
2064,2,59,30.0
2064,2,60,29.0
2064,2,61,28.1
2064,2,62,27.2
2064,2,63,26.3
2064,2,64,25.5
2064,2,65,24.6
2064,2,66,23.7
2064,2,67,22.8
2064,2,68,21.9
2064,2,69,21.1
2064,2,70,20.2
2064,2,71,19.4
2064,2,72,18.5
2064,2,73,17.7
2064,2,74,16.9
2064,2,75,16.1
2064,2,76,15.3
2064,2,77,14.5
2064,2,78,13.7
2064,2,79,13.0
2064,2,80,12.2
2064,2,81,11.5
2064,2,82,10.8
2064,2,83,10.1
2064,2,84,9.4
2064,2,85,8.7
2064,2,86,8.1
2064,2,87,7.5
2064,2,88,6.9
2064,2,89,6.4
2064,2,90,5.8
2064,1,55,30.7
2064,1,56,29.8
2064,1,57,28.9
2064,1,58,28.0
2064,1,59,27.2
2064,1,60,26.3
2064,1,61,25.4
2064,1,62,24.6
2064,1,63,23.7
2064,1,64,22.9
2064,1,65,22.0
2064,1,66,21.2
2064,1,67,20.4
2064,1,68,19.6
2064,1,69,18.8
2064,1,70,18.0
2064,1,71,17.2
2064,1,72,16.4
2064,1,73,15.7
2064,1,74,14.9
2064,1,75,14.2
2064,1,76,13.4
2064,1,77,12.7
2064,1,78,12.0
2064,1,79,11.3
2064,1,80,10.7
2064,1,81,10.0
2064,1,82,9.4
2064,1,83,8.8
2064,1,84,8.2
2064,1,85,7.6
2064,1,86,7.1
2064,1,87,6.6
2064,1,88,6.1
2064,1,89,5.6
2064,1,90,5.1
2065,2,55,33.7
2065,2,56,32.8
2065,2,57,31.9
2065,2,58,30.9
2065,2,59,30.0
2065,2,60,29.1
2065,2,61,28.2
2065,2,62,27.3
2065,2,63,26.4
2065,2,64,25.5
2065,2,65,24.6
2065,2,66,23.8
2065,2,67,22.9
2065,2,68,22.0
2065,2,69,21.1
2065,2,70,20.3
2065,2,71,19.4
2065,2,72,18.6
2065,2,73,17.8
2065,2,74,17.0
2065,2,75,16.1
2065,2,76,15.3
2065,2,77,14.5
2065,2,78,13.8
2065,2,79,13.0
2065,2,80,12.3
2065,2,81,11.5
2065,2,82,10.8
2065,2,83,10.1
2065,2,84,9.4
2065,2,85,8.8
2065,2,86,8.2
2065,2,87,7.5
2065,2,88,7.0
2065,2,89,6.4
2065,2,90,5.9
2065,1,55,30.8
2065,1,56,29.9
2065,1,57,29.0
2065,1,58,28.1
2065,1,59,27.2
2065,1,60,26.4
2065,1,61,25.5
2065,1,62,24.6
2065,1,63,23.8
2065,1,64,22.9
2065,1,65,22.1
2065,1,66,21.3
2065,1,67,20.5
2065,1,68,19.6
2065,1,69,18.8
2065,1,70,18.1
2065,1,71,17.3
2065,1,72,16.5
2065,1,73,15.7
2065,1,74,15.0
2065,1,75,14.2
2065,1,76,13.5
2065,1,77,12.8
2065,1,78,12.1
2065,1,79,11.4
2065,1,80,10.7
2065,1,81,10.1
2065,1,82,9.4
2065,1,83,8.8
2065,1,84,8.2
2065,1,85,7.7
2065,1,86,7.1
2065,1,87,6.6
2065,1,88,6.1
2065,1,89,5.6
2065,1,90,5.1
2066,2,55,33.8
2066,2,56,32.9
2066,2,57,31.9
2066,2,58,31.0
2066,2,59,30.1
2066,2,60,29.2
2066,2,61,28.3
2066,2,62,27.4
2066,2,63,26.5
2066,2,64,25.6
2066,2,65,24.7
2066,2,66,23.8
2066,2,67,23.0
2066,2,68,22.1
2066,2,69,21.2
2066,2,70,20.4
2066,2,71,19.5
2066,2,72,18.7
2066,2,73,17.8
2066,2,74,17.0
2066,2,75,16.2
2066,2,76,15.4
2066,2,77,14.6
2066,2,78,13.8
2066,2,79,13.1
2066,2,80,12.3
2066,2,81,11.6
2066,2,82,10.9
2066,2,83,10.2
2066,2,84,9.5
2066,2,85,8.8
2066,2,86,8.2
2066,2,87,7.6
2066,2,88,7.0
2066,2,89,6.4
2066,2,90,5.9
2066,1,55,30.9
2066,1,56,30.0
2066,1,57,29.1
2066,1,58,28.2
2066,1,59,27.3
2066,1,60,26.5
2066,1,61,25.6
2066,1,62,24.7
2066,1,63,23.9
2066,1,64,23.0
2066,1,65,22.2
2066,1,66,21.4
2066,1,67,20.5
2066,1,68,19.7
2066,1,69,18.9
2066,1,70,18.1
2066,1,71,17.3
2066,1,72,16.6
2066,1,73,15.8
2066,1,74,15.0
2066,1,75,14.3
2066,1,76,13.6
2066,1,77,12.9
2066,1,78,12.1
2066,1,79,11.5
2066,1,80,10.8
2066,1,81,10.1
2066,1,82,9.5
2066,1,83,8.9
2066,1,84,8.3
2066,1,85,7.7
2066,1,86,7.2
2066,1,87,6.6
2066,1,88,6.1
2066,1,89,5.6
2066,1,90,5.2
2067,2,55,33.9
2067,2,56,32.9
2067,2,57,32.0
2067,2,58,31.1
2067,2,59,30.2
2067,2,60,29.3
2067,2,61,28.4
2067,2,62,27.5
2067,2,63,26.6
2067,2,64,25.7
2067,2,65,24.8
2067,2,66,23.9
2067,2,67,23.0
2067,2,68,22.2
2067,2,69,21.3
2067,2,70,20.4
2067,2,71,19.6
2067,2,72,18.7
2067,2,73,17.9
2067,2,74,17.1
2067,2,75,16.3
2067,2,76,15.5
2067,2,77,14.7
2067,2,78,13.9
2067,2,79,13.1
2067,2,80,12.4
2067,2,81,11.6
2067,2,82,10.9
2067,2,83,10.2
2067,2,84,9.5
2067,2,85,8.9
2067,2,86,8.2
2067,2,87,7.6
2067,2,88,7.0
2067,2,89,6.5
2067,2,90,5.9
2067,1,55,31.0
2067,1,56,30.1
2067,1,57,29.2
2067,1,58,28.3
2067,1,59,27.4
2067,1,60,26.5
2067,1,61,25.7
2067,1,62,24.8
2067,1,63,24.0
2067,1,64,23.1
2067,1,65,22.3
2067,1,66,21.4
2067,1,67,20.6
2067,1,68,19.8
2067,1,69,19.0
2067,1,70,18.2
2067,1,71,17.4
2067,1,72,16.6
2067,1,73,15.9
2067,1,74,15.1
2067,1,75,14.4
2067,1,76,13.6
2067,1,77,12.9
2067,1,78,12.2
2067,1,79,11.5
2067,1,80,10.8
2067,1,81,10.2
2067,1,82,9.5
2067,1,83,8.9
2067,1,84,8.3
2067,1,85,7.8
2067,1,86,7.2
2067,1,87,6.7
2067,1,88,6.2
2067,1,89,5.7
2067,1,90,5.2
2068,2,55,34.0
2068,2,56,33.0
2068,2,57,32.1
2068,2,58,31.2
2068,2,59,30.3
2068,2,60,29.3
2068,2,61,28.4
2068,2,62,27.5
2068,2,63,26.6
2068,2,64,25.7
2068,2,65,24.9
2068,2,66,24.0
2068,2,67,23.1
2068,2,68,22.2
2068,2,69,21.4
2068,2,70,20.5
2068,2,71,19.6
2068,2,72,18.8
2068,2,73,18.0
2068,2,74,17.1
2068,2,75,16.3
2068,2,76,15.5
2068,2,77,14.7
2068,2,78,13.9
2068,2,79,13.2
2068,2,80,12.4
2068,2,81,11.7
2068,2,82,11.0
2068,2,83,10.2
2068,2,84,9.6
2068,2,85,8.9
2068,2,86,8.3
2068,2,87,7.7
2068,2,88,7.1
2068,2,89,6.5
2068,2,90,6.0
2068,1,55,31.1
2068,1,56,30.2
2068,1,57,29.3
2068,1,58,28.4
2068,1,59,27.5
2068,1,60,26.6
2068,1,61,25.7
2068,1,62,24.9
2068,1,63,24.0
2068,1,64,23.2
2068,1,65,22.3
2068,1,66,21.5
2068,1,67,20.7
2068,1,68,19.9
2068,1,69,19.1
2068,1,70,18.3
2068,1,71,17.5
2068,1,72,16.7
2068,1,73,15.9
2068,1,74,15.2
2068,1,75,14.4
2068,1,76,13.7
2068,1,77,13.0
2068,1,78,12.3
2068,1,79,11.6
2068,1,80,10.9
2068,1,81,10.2
2068,1,82,9.6
2068,1,83,9.0
2068,1,84,8.4
2068,1,85,7.8
2068,1,86,7.2
2068,1,87,6.7
2068,1,88,6.2
2068,1,89,5.7
2068,1,90,5.2
2069,2,55,34.0
2069,2,56,33.1
2069,2,57,32.2
2069,2,58,31.3
2069,2,59,30.3
2069,2,60,29.4
2069,2,61,28.5
2069,2,62,27.6
2069,2,63,26.7
2069,2,64,25.8
2069,2,65,24.9
2069,2,66,24.0
2069,2,67,23.2
2069,2,68,22.3
2069,2,69,21.4
2069,2,70,20.6
2069,2,71,19.7
2069,2,72,18.9
2069,2,73,18.0
2069,2,74,17.2
2069,2,75,16.4
2069,2,76,15.6
2069,2,77,14.8
2069,2,78,14.0
2069,2,79,13.2
2069,2,80,12.5
2069,2,81,11.7
2069,2,82,11.0
2069,2,83,10.3
2069,2,84,9.6
2069,2,85,9.0
2069,2,86,8.3
2069,2,87,7.7
2069,2,88,7.1
2069,2,89,6.5
2069,2,90,6.0
2069,1,55,31.2
2069,1,56,30.3
2069,1,57,29.4
2069,1,58,28.5
2069,1,59,27.6
2069,1,60,26.7
2069,1,61,25.8
2069,1,62,25.0
2069,1,63,24.1
2069,1,64,23.3
2069,1,65,22.4
2069,1,66,21.6
2069,1,67,20.8
2069,1,68,19.9
2069,1,69,19.1
2069,1,70,18.3
2069,1,71,17.5
2069,1,72,16.8
2069,1,73,16.0
2069,1,74,15.2
2069,1,75,14.5
2069,1,76,13.8
2069,1,77,13.0
2069,1,78,12.3
2069,1,79,11.6
2069,1,80,10.9
2069,1,81,10.3
2069,1,82,9.6
2069,1,83,9.0
2069,1,84,8.4
2069,1,85,7.8
2069,1,86,7.3
2069,1,87,6.7
2069,1,88,6.2
2069,1,89,5.7
2069,1,90,5.3
2070,2,55,34.1
2070,2,56,33.2
2070,2,57,32.3
2070,2,58,31.3
2070,2,59,30.4
2070,2,60,29.5
2070,2,61,28.6
2070,2,62,27.7
2070,2,63,26.8
2070,2,64,25.9
2070,2,65,25.0
2070,2,66,24.1
2070,2,67,23.2
2070,2,68,22.4
2070,2,69,21.5
2070,2,70,20.6
2070,2,71,19.8
2070,2,72,18.9
2070,2,73,18.1
2070,2,74,17.3
2070,2,75,16.4
2070,2,76,15.6
2070,2,77,14.8
2070,2,78,14.1
2070,2,79,13.3
2070,2,80,12.5
2070,2,81,11.8
2070,2,82,11.0
2070,2,83,10.3
2070,2,84,9.7
2070,2,85,9.0
2070,2,86,8.4
2070,2,87,7.7
2070,2,88,7.1
2070,2,89,6.6
2070,2,90,6.0
2070,1,55,31.3
2070,1,56,30.4
2070,1,57,29.5
2070,1,58,28.6
2070,1,59,27.7
2070,1,60,26.8
2070,1,61,25.9
2070,1,62,25.0
2070,1,63,24.2
2070,1,64,23.3
2070,1,65,22.5
2070,1,66,21.7
2070,1,67,20.8
2070,1,68,20.0
2070,1,69,19.2
2070,1,70,18.4
2070,1,71,17.6
2070,1,72,16.8
2070,1,73,16.1
2070,1,74,15.3
2070,1,75,14.6
2070,1,76,13.8
2070,1,77,13.1
2070,1,78,12.4
2070,1,79,11.7
2070,1,80,11.0
2070,1,81,10.3
2070,1,82,9.7
2070,1,83,9.1
2070,1,84,8.5
2070,1,85,7.9
2070,1,86,7.3
2070,1,87,6.8
2070,1,88,6.3
2070,1,89,5.8
2070,1,90,5.3
2071,2,55,34.2
2071,2,56,33.3
2071,2,57,32.3
2071,2,58,31.4
2071,2,59,30.5
2071,2,60,29.6
2071,2,61,28.7
2071,2,62,27.8
2071,2,63,26.9
2071,2,64,26.0
2071,2,65,25.1
2071,2,66,24.2
2071,2,67,23.3
2071,2,68,22.4
2071,2,69,21.6
2071,2,70,20.7
2071,2,71,19.8
2071,2,72,19.0
2071,2,73,18.2
2071,2,74,17.3
2071,2,75,16.5
2071,2,76,15.7
2071,2,77,14.9
2071,2,78,14.1
2071,2,79,13.3
2071,2,80,12.6
2071,2,81,11.8
2071,2,82,11.1
2071,2,83,10.4
2071,2,84,9.7
2071,2,85,9.0
2071,2,86,8.4
2071,2,87,7.8
2071,2,88,7.2
2071,2,89,6.6
2071,2,90,6.1
2071,1,55,31.4
2071,1,56,30.4
2071,1,57,29.5
2071,1,58,28.6
2071,1,59,27.8
2071,1,60,26.9
2071,1,61,26.0
2071,1,62,25.1
2071,1,63,24.3
2071,1,64,23.4
2071,1,65,22.6
2071,1,66,21.7
2071,1,67,20.9
2071,1,68,20.1
2071,1,69,19.3
2071,1,70,18.5
2071,1,71,17.7
2071,1,72,16.9
2071,1,73,16.1
2071,1,74,15.4
2071,1,75,14.6
2071,1,76,13.9
2071,1,77,13.2
2071,1,78,12.4
2071,1,79,11.7
2071,1,80,11.1
2071,1,81,10.4
2071,1,82,9.7
2071,1,83,9.1
2071,1,84,8.5
2071,1,85,7.9
2071,1,86,7.4
2071,1,87,6.8
2071,1,88,6.3
2071,1,89,5.8
2071,1,90,5.3
2072,2,55,34.3
2072,2,56,33.3
2072,2,57,32.4
2072,2,58,31.5
2072,2,59,30.6
2072,2,60,29.7
2072,2,61,28.7
2072,2,62,27.8
2072,2,63,26.9
2072,2,64,26.0
2072,2,65,25.1
2072,2,66,24.3
2072,2,67,23.4
2072,2,68,22.5
2072,2,69,21.6
2072,2,70,20.8
2072,2,71,19.9
2072,2,72,19.1
2072,2,73,18.2
2072,2,74,17.4
2072,2,75,16.6
2072,2,76,15.8
2072,2,77,15.0
2072,2,78,14.2
2072,2,79,13.4
2072,2,80,12.6
2072,2,81,11.9
2072,2,82,11.1
2072,2,83,10.4
2072,2,84,9.8
2072,2,85,9.1
2072,2,86,8.4
2072,2,87,7.8
2072,2,88,7.2
2072,2,89,6.6
2072,2,90,6.1
2072,1,55,31.4
2072,1,56,30.5
2072,1,57,29.6
2072,1,58,28.7
2072,1,59,27.8
2072,1,60,27.0
2072,1,61,26.1
2072,1,62,25.2
2072,1,63,24.4
2072,1,64,23.5
2072,1,65,22.7
2072,1,66,21.8
2072,1,67,21.0
2072,1,68,20.2
2072,1,69,19.4
2072,1,70,18.6
2072,1,71,17.8
2072,1,72,17.0
2072,1,73,16.2
2072,1,74,15.4
2072,1,75,14.7
2072,1,76,13.9
2072,1,77,13.2
2072,1,78,12.5
2072,1,79,11.8
2072,1,80,11.1
2072,1,81,10.4
2072,1,82,9.8
2072,1,83,9.2
2072,1,84,8.6
2072,1,85,8.0
2072,1,86,7.4
2072,1,87,6.9
2072,1,88,6.3
2072,1,89,5.8
2072,1,90,5.4
